Date,Time,SpO2 (%),PR (BPM),PAI (%)
7/26/2025,23:43:36,96,47,0.97
7/26/2025,23:43:37,96,48,0.99
7/26/2025,23:43:38,96,46,0.98
7/26/2025,23:43:39,95,44,0.97
7/26/2025,23:43:40,95,44,0.96
7/26/2025,23:43:41,95,43,0.96
7/26/2025,23:43:42,95,42,0.95
7/26/2025,23:43:43,95,42,0.97
7/26/2025,23:43:44,94,42,0.96
7/26/2025,23:43:45,94,41,0.95
7/26/2025,23:43:46,94,41,0.97
7/26/2025,23:43:47,94,41,1.09
7/26/2025,23:43:48,94,41,1.15
7/26/2025,23:43:49,94,41,1.07
7/26/2025,23:43:50,94,41,0.99
7/26/2025,23:43:51,94,40,0.96
7/26/2025,23:43:52,94,40,0.98
7/26/2025,23:43:53,95,41,0.99
7/26/2025,23:43:54,95,40,0.99
7/26/2025,23:43:55,95,40,0.99
7/26/2025,23:43:56,95,40,0.99
7/26/2025,23:43:57,95,40,1.02
7/26/2025,23:43:58,95,40,1.04
7/26/2025,23:43:59,96,40,1.05
7/26/2025,23:44:00,96,40,0.94
7/26/2025,23:44:01,96,40,0.95
7/26/2025,23:44:02,96,40,0.88
7/26/2025,23:44:03,96,40,0.83
7/26/2025,23:44:04,96,40,0.83
7/26/2025,23:44:05,96,40,0.83
7/26/2025,23:44:06,96,40,0.83
7/26/2025,23:44:07,96,40,0.88
7/26/2025,23:44:08,96,40,0.88
7/26/2025,23:44:09,96,41,0.88
7/26/2025,23:44:10,96,41,0.92
7/26/2025,23:44:11,96,41,0.94
7/26/2025,23:44:12,96,43,0.93
7/26/2025,23:44:13,96,45,0.93
7/26/2025,23:44:14,96,45,0.97
7/26/2025,23:44:15,96,47,1.02
7/26/2025,23:44:16,96,47,1.02
7/26/2025,23:44:17,96,47,1.02
7/26/2025,23:44:18,96,49,1.04
7/26/2025,23:44:19,96,49,1.02
7/26/2025,23:44:20,96,49,1.01
7/26/2025,23:44:21,96,46,0.98
7/26/2025,23:44:22,96,44,0.94
7/26/2025,23:44:23,96,43,0.94
7/26/2025,23:44:24,96,43,0.88
7/26/2025,23:44:25,96,43,0.89
7/26/2025,23:44:26,96,42,0.91
7/26/2025,23:44:27,96,42,0.93
7/26/2025,23:44:28,97,43,1
7/26/2025,23:44:29,97,42,0.97
7/26/2025,23:44:30,97,42,0.95
7/26/2025,23:44:31,97,42,0.98
7/26/2025,23:44:32,96,42,0.97
7/26/2025,23:44:33,96,42,0.91
7/26/2025,23:44:34,96,41,0.98
7/26/2025,23:44:35,96,42,1.05
7/26/2025,23:44:36,96,42,1.05
7/26/2025,23:44:37,96,43,1.06
7/26/2025,23:44:38,97,46,1
7/26/2025,23:44:39,97,46,0.96
7/26/2025,23:44:40,97,46,1
7/26/2025,23:44:41,97,45,1.01
7/26/2025,23:44:42,97,45,1
7/26/2025,23:44:43,97,44,0.99
7/26/2025,23:44:44,97,43,1.01
7/26/2025,23:44:45,96,43,1.03
7/26/2025,23:44:46,96,43,1.01
7/26/2025,23:44:47,96,42,0.97
7/26/2025,23:44:48,96,41,0.95
7/26/2025,23:44:49,96,41,1.01
7/26/2025,23:44:50,96,41,1.01
7/26/2025,23:44:51,96,41,1
7/26/2025,23:44:52,96,41,1
7/26/2025,23:44:53,96,41,0.99
7/26/2025,23:44:54,96,41,1.04
7/26/2025,23:44:55,96,41,1.08
7/26/2025,23:44:56,96,40,1.07
7/26/2025,23:44:57,96,40,1.06
7/26/2025,23:44:58,96,40,1.06
7/26/2025,23:44:59,96,42,1.08
7/26/2025,23:45:00,96,41,1.09
7/26/2025,23:45:01,96,41,1.03
7/26/2025,23:45:02,96,41,0.99
7/26/2025,23:45:03,96,41,1.09
7/26/2025,23:45:04,96,41,1.14
7/26/2025,23:45:05,96,41,1.14
7/26/2025,23:45:06,96,41,1.14
7/26/2025,23:45:07,96,42,1.06
7/26/2025,23:45:08,96,42,1.08
7/26/2025,23:45:09,96,42,1.08
7/26/2025,23:45:10,96,42,1.06
7/26/2025,23:45:11,96,42,1.07
7/26/2025,23:45:12,96,42,1.07
7/26/2025,23:45:13,96,41,1.08
7/26/2025,23:45:14,96,41,1.05
7/26/2025,23:45:15,96,41,1.05
7/26/2025,23:45:16,96,41,1.07
7/26/2025,23:45:17,96,41,1.07
7/26/2025,23:45:18,96,41,1.09
7/26/2025,23:45:19,96,42,1.1
7/26/2025,23:45:20,96,42,1.11
7/26/2025,23:45:21,96,42,1.14
7/26/2025,23:45:22,96,42,1.14
7/26/2025,23:45:23,96,42,1.14
7/26/2025,23:45:24,96,43,1.12
7/26/2025,23:45:25,96,43,1.06
7/26/2025,23:45:26,96,43,1.01
7/26/2025,23:45:27,96,43,1.13
7/26/2025,23:45:28,96,42,1.08
7/26/2025,23:45:29,96,42,1.07
7/26/2025,23:45:30,96,42,1.08
7/26/2025,23:45:31,96,43,1.09
7/26/2025,23:45:32,96,43,1.11
7/26/2025,23:45:33,96,43,1.09
7/26/2025,23:45:34,96,43,1.08
7/26/2025,23:45:35,96,43,1.06
7/26/2025,23:45:36,96,43,1.07
7/26/2025,23:45:37,96,43,1.08
7/26/2025,23:45:38,96,43,1.04
7/26/2025,23:45:39,96,43,1.05
7/26/2025,23:45:40,96,43,1.06
7/26/2025,23:45:41,96,43,1.06
7/26/2025,23:45:42,96,43,0.92
7/26/2025,23:45:43,96,43,0.92
7/26/2025,23:45:44,96,43,0.95
7/26/2025,23:45:45,96,43,1.01
7/26/2025,23:45:46,96,43,1
7/26/2025,23:45:47,96,43,1.08
7/26/2025,23:45:48,96,43,0.94
7/26/2025,23:45:49,96,43,0.92
7/26/2025,23:45:50,95,43,0.9
7/26/2025,23:45:51,95,43,0.91
7/26/2025,23:45:52,95,43,0.92
7/26/2025,23:45:53,95,43,0.8
7/26/2025,23:45:54,95,43,0.71
7/26/2025,23:45:55,95,43,0.82
7/26/2025,23:45:56,96,43,0.86
7/26/2025,23:45:57,96,43,0.99
7/26/2025,23:45:58,96,43,0.95
7/26/2025,23:45:59,94,43,0.84
7/26/2025,23:46:00,94,43,0.91
7/26/2025,23:46:01,94,43,0.98
7/26/2025,23:46:02,94,43,0.89
7/26/2025,23:46:03,94,44,0.82
7/26/2025,23:46:04,94,44,0.86
7/26/2025,23:46:05,95,44,0.89
7/26/2025,23:46:06,95,44,1.14
7/26/2025,23:46:07,95,44,1.07
7/26/2025,23:46:08,95,44,1.12
7/26/2025,23:46:09,95,45,1.12
7/26/2025,23:46:10,95,45,0.97
7/26/2025,23:46:11,95,45,0.96
7/26/2025,23:46:12,96,44,0.97
7/26/2025,23:46:13,96,44,0.93
7/26/2025,23:46:14,96,44,0.91
7/26/2025,23:46:15,96,44,0.86
7/26/2025,23:46:16,95,44,0.99
7/26/2025,23:46:17,95,44,1
7/26/2025,23:46:18,96,44,1.2
7/26/2025,23:46:19,95,44,1.09
7/26/2025,23:46:20,95,44,0.94
7/26/2025,23:46:21,96,44,0.9
7/26/2025,23:46:22,96,44,0.82
7/26/2025,23:46:23,96,44,0.82
7/26/2025,23:46:24,97,45,0.79
7/26/2025,23:46:25,97,46,0.77
7/26/2025,23:46:26,97,46,0.77
7/26/2025,23:46:27,97,54,0.78
7/26/2025,23:46:28,97,58,0.78
7/26/2025,23:46:29,97,58,0.89
7/26/2025,23:46:30,98,60,1.07
7/26/2025,23:46:31,97,60,1.01
7/26/2025,23:46:32,97,60,0.81
7/26/2025,23:46:33,97,62,0.84
7/26/2025,23:46:34,96,62,0.88
7/26/2025,23:46:35,96,65,0.82
7/26/2025,23:46:36,96,65,0.82
7/26/2025,23:46:37,96,65,0.82
7/26/2025,23:46:38,96,65,0.82
7/26/2025,23:46:39,96,65,0.82
7/26/2025,23:46:40,96,65,0.82
7/26/2025,23:46:41,96,65,0.79
7/26/2025,23:46:42,96,65,0.94
7/26/2025,23:46:43,96,65,1.08
7/26/2025,23:46:44,96,65,0.99
7/26/2025,23:46:45,96,65,0.75
7/26/2025,23:46:46,97,67,0.83
7/26/2025,23:46:47,98,67,0.87
7/26/2025,23:46:48,98,67,0.76
7/26/2025,23:46:49,98,68,0.76
7/26/2025,23:46:50,98,68,0.94
7/26/2025,23:46:51,98,68,0.97
7/26/2025,23:46:52,98,68,0.97
7/26/2025,23:46:53,98,69,0.97
7/26/2025,23:46:54,98,69,0.97
7/26/2025,23:46:55,97,70,1.03
7/26/2025,23:46:56,97,70,1.09
7/26/2025,23:46:57,95,70,1.81
7/26/2025,23:46:58,95,70,2.1
7/26/2025,23:46:59,95,70,2.54
7/26/2025,23:47:00,95,70,2.34
7/26/2025,23:47:01,95,70,2.28
7/26/2025,23:47:02,95,70,1.66
7/26/2025,23:47:03,95,70,1.52
7/26/2025,23:47:04,95,70,1.32
7/26/2025,23:47:05,95,70,1.2
7/26/2025,23:47:06,94,70,1.29
7/26/2025,23:47:07,94,70,1.66
7/26/2025,23:47:08,94,70,2.08
7/26/2025,23:47:09,94,70,1.87
7/26/2025,23:47:10,94,70,1.74
7/26/2025,23:47:11,94,70,1.64
7/26/2025,23:47:12,94,70,1.41
7/26/2025,23:47:13,94,70,1.24
7/26/2025,23:47:14,94,69,0.98
7/26/2025,23:47:15,94,69,0.79
7/26/2025,23:47:16,94,69,0.81
7/26/2025,23:47:17,96,69,1.08
7/26/2025,23:47:18,96,69,1.21
7/26/2025,23:47:19,96,69,1.08
7/26/2025,23:47:20,96,69,1.01
7/26/2025,23:47:21,96,69,0.91
7/26/2025,23:47:22,96,68,0.86
7/26/2025,23:47:23,96,68,0.85
7/26/2025,23:47:24,96,67,0.88
7/26/2025,23:47:25,96,65,0.88
7/26/2025,23:47:26,96,65,0.88
7/26/2025,23:47:27,96,61,0.8
7/26/2025,23:47:28,96,59,0.8
7/26/2025,23:47:29,96,59,0.8
7/26/2025,23:47:30,96,59,0.8
7/26/2025,23:47:31,96,59,0.63
7/26/2025,23:47:32,96,59,0.42
7/26/2025,23:47:33,96,59,0.28
7/26/2025,23:47:34,96,59,0.25
7/26/2025,23:47:35,96,59,0.23
7/26/2025,23:47:36,96,59,0.21
7/26/2025,23:47:37,96,59,0.21
7/26/2025,23:47:38,96,59,0.21
7/26/2025,23:47:39,96,59,0.21
7/26/2025,23:47:40,96,59,0.21
7/26/2025,23:47:41,96,59,0.25
7/26/2025,23:47:42,96,59,0.28
7/26/2025,23:47:43,96,59,0.36
7/26/2025,23:47:44,96,59,0.54
7/26/2025,23:47:45,96,59,0.63
7/26/2025,23:47:46,96,59,0.72
7/26/2025,23:47:47,96,54,0.8
7/26/2025,23:47:48,96,54,0.8
7/26/2025,23:47:49,96,53,0.81
7/26/2025,23:47:50,96,51,0.84
7/26/2025,23:47:51,96,51,0.9
7/26/2025,23:47:52,96,50,0.92
7/26/2025,23:47:53,95,47,0.92
7/26/2025,23:47:54,95,47,0.92
7/26/2025,23:47:55,95,46,0.92
7/26/2025,23:47:56,95,46,0.84
7/26/2025,23:47:57,95,46,0.83
7/26/2025,23:47:58,95,45,0.83
7/26/2025,23:47:59,95,47,1.13
7/26/2025,23:48:00,95,47,1.04
7/26/2025,23:48:01,95,47,1.01
7/26/2025,23:48:02,95,48,0.92
7/26/2025,23:48:03,95,48,0.85
7/26/2025,23:48:04,95,48,0.84
7/26/2025,23:48:05,95,48,0.81
7/26/2025,23:48:06,95,48,0.69
7/26/2025,23:48:07,95,48,0.6
7/26/2025,23:48:08,95,48,0.59
7/26/2025,23:48:09,95,48,0.66
7/26/2025,23:48:10,95,48,0.58
7/26/2025,23:48:11,95,48,0.63
7/26/2025,23:48:12,95,48,0.76
7/26/2025,23:48:13,95,48,0.81
7/26/2025,23:48:14,95,48,0.93
7/26/2025,23:48:15,95,48,0.9
7/26/2025,23:48:16,95,48,0.81
7/26/2025,23:48:17,95,47,0.88
7/26/2025,23:48:18,95,46,0.9
7/26/2025,23:48:19,95,46,0.86
7/26/2025,23:48:20,95,45,0.86
7/26/2025,23:48:21,94,44,0.86
7/26/2025,23:48:22,94,44,0.86
7/26/2025,23:48:23,94,44,0.77
7/26/2025,23:48:24,94,44,0.74
7/26/2025,23:48:25,94,44,0.36
7/26/2025,23:48:26,94,44,0.25
7/26/2025,23:48:27,94,44,0.24
7/26/2025,23:48:28,94,44,0.28
7/26/2025,23:48:29,94,44,0.26
7/26/2025,23:48:30,94,43,0.27
7/26/2025,23:48:31,94,43,0.27
7/26/2025,23:48:32,94,43,0.32
7/26/2025,23:48:33,94,43,0.38
7/26/2025,23:48:34,94,43,0.42
7/26/2025,23:48:35,94,43,0.51
7/26/2025,23:48:36,94,43,0.59
7/26/2025,23:48:37,95,43,0.63
7/26/2025,23:48:38,95,43,0.59
7/26/2025,23:48:39,95,42,0.54
7/26/2025,23:48:40,95,42,0.56
7/26/2025,23:48:41,95,42,0.6
7/26/2025,23:48:42,95,41,0.65
7/26/2025,23:48:43,96,41,0.67
7/26/2025,23:48:44,96,41,0.69
7/26/2025,23:48:45,96,41,0.76
7/26/2025,23:48:46,96,41,0.76
7/26/2025,23:48:47,96,41,0.79
7/26/2025,23:48:48,96,41,0.8
7/26/2025,23:48:49,96,41,0.79
7/26/2025,23:48:50,95,40,0.78
7/26/2025,23:48:51,95,40,0.78
7/26/2025,23:48:52,96,40,0.78
7/26/2025,23:48:53,96,40,0.79
7/26/2025,23:48:54,96,40,0.7
7/26/2025,23:48:55,96,40,0.73
7/26/2025,23:48:56,96,40,0.8
7/26/2025,23:48:57,96,40,0.86
7/26/2025,23:48:58,96,40,1.04
7/26/2025,23:48:59,96,40,1.1
7/26/2025,23:49:00,96,40,1.02
7/26/2025,23:49:01,96,40,0.97
7/26/2025,23:49:02,96,40,0.95
7/26/2025,23:49:03,96,40,0.83
7/26/2025,23:49:04,96,40,0.86
7/26/2025,23:49:05,96,41,0.77
7/26/2025,23:49:06,96,41,0.78
7/26/2025,23:49:07,96,41,0.78
7/26/2025,23:49:08,96,41,0.9
7/26/2025,23:49:09,96,41,0.8
7/26/2025,23:49:10,96,41,0.79
7/26/2025,23:49:11,97,41,0.84
7/26/2025,23:49:12,97,42,0.87
7/26/2025,23:49:13,97,42,0.91
7/26/2025,23:49:14,97,42,0.92
7/26/2025,23:49:15,96,42,0.87
7/26/2025,23:49:16,96,42,0.8
7/26/2025,23:49:17,96,43,0.65
7/26/2025,23:49:18,96,42,0.6
7/26/2025,23:49:19,96,42,0.57
7/26/2025,23:49:20,96,42,0.55
7/26/2025,23:49:21,96,42,0.3
7/26/2025,23:49:22,96,42,0.09
7/26/2025,23:49:23,96,42,0.05
7/26/2025,23:49:24,96,42,0.05
7/26/2025,23:49:25,96,42,0.05
7/26/2025,23:49:26,96,42,0.05
7/26/2025,23:49:27,96,42,0.06
7/26/2025,23:49:28,96,42,0.06
7/26/2025,23:49:29,96,42,0.06
7/26/2025,23:49:30,96,42,0.05
7/26/2025,23:49:31,96,42,0.05
7/26/2025,23:49:32,96,42,0.05
7/26/2025,23:49:33,96,42,0.38
7/26/2025,23:49:34,96,42,0.7
7/26/2025,23:49:35,96,42,0.78
7/26/2025,23:49:36,96,42,0.85
7/26/2025,23:49:37,96,42,0.88
7/26/2025,23:49:38,96,42,0.88
7/26/2025,23:49:39,96,42,0.84
7/26/2025,23:49:40,96,41,0.85
7/26/2025,23:49:41,96,41,0.87
7/26/2025,23:49:42,96,42,0.9
7/26/2025,23:49:43,96,42,0.92
7/26/2025,23:49:44,96,42,0.92
7/26/2025,23:49:45,96,41,0.88
7/26/2025,23:49:46,95,41,0.9
7/26/2025,23:49:47,95,41,0.86
7/26/2025,23:49:48,95,41,0.86
7/26/2025,23:49:49,95,41,0.81
7/26/2025,23:49:50,95,41,0.85
7/26/2025,23:49:51,95,42,0.86
7/26/2025,23:49:52,97,41,1.04
7/26/2025,23:49:53,97,41,1.04
7/26/2025,23:49:54,97,41,1.02
7/26/2025,23:49:55,97,41,0.97
7/26/2025,23:49:56,97,41,0.95
7/26/2025,23:49:57,97,42,0.96
7/26/2025,23:49:58,97,42,0.96
7/26/2025,23:49:59,97,42,0.96
7/26/2025,23:50:00,97,42,0.97
7/26/2025,23:50:01,96,41,1.02
7/26/2025,23:50:02,96,43,0.98
7/26/2025,23:50:03,96,43,0.98
7/26/2025,23:50:04,96,43,1.1
7/26/2025,23:50:05,96,43,1.05
7/26/2025,23:50:06,96,43,0.96
7/26/2025,23:50:07,97,44,0.94
7/26/2025,23:50:08,97,44,0.88
7/26/2025,23:50:09,97,44,1.02
7/26/2025,23:50:10,98,44,1.06
7/26/2025,23:50:11,98,44,1.02
7/26/2025,23:50:12,98,44,0.64
7/26/2025,23:50:13,98,44,0.69
7/26/2025,23:50:14,98,44,0.69
7/26/2025,23:50:15,98,44,0.69
7/26/2025,23:50:16,98,44,0.69
7/26/2025,23:50:17,98,44,0.76
7/26/2025,23:50:18,98,44,0.82
7/26/2025,23:50:19,98,44,0.82
7/26/2025,23:50:20,98,44,0.79
7/26/2025,23:50:21,98,43,0.8
7/26/2025,23:50:22,98,43,0.82
7/26/2025,23:50:23,97,43,0.84
7/26/2025,23:50:24,96,43,0.82
7/26/2025,23:50:25,96,43,0.82
7/26/2025,23:50:26,96,43,0.87
7/26/2025,23:50:27,96,44,0.86
7/26/2025,23:50:28,96,44,0.83
7/26/2025,23:50:29,96,44,0.86
7/26/2025,23:50:30,96,43,0.85
7/26/2025,23:50:31,96,43,0.84
7/26/2025,23:50:32,96,42,0.84
7/26/2025,23:50:33,96,42,0.86
7/26/2025,23:50:34,96,42,0.87
7/26/2025,23:50:35,96,41,0.87
7/26/2025,23:50:36,96,41,0.87
7/26/2025,23:50:37,96,41,0.87
7/26/2025,23:50:38,96,41,0.86
7/26/2025,23:50:39,96,41,0.88
7/26/2025,23:50:40,96,41,0.88
7/26/2025,23:50:41,96,42,0.88
7/26/2025,23:50:42,96,42,0.9
7/26/2025,23:50:43,96,42,0.91
7/26/2025,23:50:44,96,42,0.9
7/26/2025,23:50:45,96,43,0.9
7/26/2025,23:50:46,96,44,0.9
7/26/2025,23:50:47,96,44,0.87
7/26/2025,23:50:48,96,45,0.89
7/26/2025,23:50:49,96,45,0.91
7/26/2025,23:50:50,96,45,0.91
7/26/2025,23:50:51,96,46,0.9
7/26/2025,23:50:52,97,46,0.89
7/26/2025,23:50:53,97,46,1.03
7/26/2025,23:50:54,97,45,1.09
7/26/2025,23:50:55,96,45,1.16
7/26/2025,23:50:56,96,45,1.65
7/26/2025,23:50:57,94,45,1.29
7/26/2025,23:50:58,93,45,1.1
7/26/2025,23:50:59,93,45,1.08
7/26/2025,23:51:00,93,44,1.1
7/26/2025,23:51:01,92,44,0.99
7/26/2025,23:51:02,92,44,0.91
7/26/2025,23:51:03,93,44,0.9
7/26/2025,23:51:04,94,44,0.89
7/26/2025,23:51:05,94,43,0.83
7/26/2025,23:51:06,94,43,0.8
7/26/2025,23:51:07,95,43,0.79
7/26/2025,23:51:08,95,43,0.78
7/26/2025,23:51:09,95,43,0.87
7/26/2025,23:51:10,95,42,0.94
7/26/2025,23:51:11,95,42,0.92
7/26/2025,23:51:12,95,42,0.93
7/26/2025,23:51:13,95,41,0.93
7/26/2025,23:51:14,95,43,0.93
7/26/2025,23:51:15,95,43,1
7/26/2025,23:51:16,96,43,1.05
7/26/2025,23:51:17,96,44,1.06
7/26/2025,23:51:18,96,44,1.07
7/26/2025,23:51:19,96,44,1.11
7/26/2025,23:51:20,96,45,1.08
7/26/2025,23:51:21,96,45,1.06
7/26/2025,23:51:22,96,46,1.06
7/26/2025,23:51:23,96,45,1.05
7/26/2025,23:51:24,96,45,1.07
7/26/2025,23:51:25,96,43,1.07
7/26/2025,23:51:26,96,43,1.1
7/26/2025,23:51:27,96,44,1.07
7/26/2025,23:51:28,96,44,1.1
7/26/2025,23:51:29,96,44,1.13
7/26/2025,23:51:30,96,45,1.12
7/26/2025,23:51:31,96,45,1.12
7/26/2025,23:51:32,96,45,1.12
7/26/2025,23:51:33,96,45,1.11
7/26/2025,23:51:34,96,45,1.07
7/26/2025,23:51:35,96,44,1.04
7/26/2025,23:51:36,96,43,1.03
7/26/2025,23:51:37,96,43,1.04
7/26/2025,23:51:38,96,42,1
7/26/2025,23:51:39,96,41,1
7/26/2025,23:51:40,96,41,1.01
7/26/2025,23:51:41,96,41,1
7/26/2025,23:51:42,96,40,1
7/26/2025,23:51:43,96,40,1
7/26/2025,23:51:44,96,40,1
7/26/2025,23:51:45,96,40,1
7/26/2025,23:51:46,96,40,1
7/26/2025,23:51:47,96,40,1.03
7/26/2025,23:51:48,96,40,1.05
7/26/2025,23:51:49,96,40,1.02
7/26/2025,23:51:50,96,40,1.04
7/26/2025,23:51:51,97,40,1.04
7/26/2025,23:51:52,97,40,1.05
7/26/2025,23:51:53,97,40,1.07
7/26/2025,23:51:54,97,40,1.07
7/26/2025,23:51:55,97,40,1.09
7/26/2025,23:51:56,97,40,1.1
7/26/2025,23:51:57,96,40,1.11
7/26/2025,23:51:58,97,40,1.14
7/26/2025,23:51:59,97,40,1.09
7/26/2025,23:52:00,96,41,1.14
7/26/2025,23:52:01,96,42,1.18
7/26/2025,23:52:02,96,42,1.18
7/26/2025,23:52:03,96,42,1.15
7/26/2025,23:52:04,96,42,1.14
7/26/2025,23:52:05,96,42,1.11
7/26/2025,23:52:06,96,41,1.11
7/26/2025,23:52:07,96,41,1.11
7/26/2025,23:52:08,96,41,1.11
7/26/2025,23:52:09,96,41,1.09
7/26/2025,23:52:10,96,41,1.09
7/26/2025,23:52:11,96,41,1.09
7/26/2025,23:52:12,96,41,1.12
7/26/2025,23:52:13,96,41,1.12
7/26/2025,23:52:14,96,41,1.11
7/26/2025,23:52:15,96,41,1.14
7/26/2025,23:52:16,96,41,1.14
7/26/2025,23:52:17,96,41,1.13
7/26/2025,23:52:18,96,41,1.13
7/26/2025,23:52:19,96,41,1.13
7/26/2025,23:52:20,96,42,1.16
7/26/2025,23:52:21,96,42,1.19
7/26/2025,23:52:22,96,42,1.19
7/26/2025,23:52:23,96,43,1.19
7/26/2025,23:52:24,96,43,1.19
7/26/2025,23:52:25,96,44,1.2
7/26/2025,23:52:26,96,43,1.18
7/26/2025,23:52:27,96,43,1.13
7/26/2025,23:52:28,96,42,1.12
7/26/2025,23:52:29,96,42,1.12
7/26/2025,23:52:30,96,42,1.08
7/26/2025,23:52:31,96,41,1.08
7/26/2025,23:52:32,96,41,1.08
7/26/2025,23:52:33,96,41,1.07
7/26/2025,23:52:34,96,41,1.05
7/26/2025,23:52:35,96,41,1.09
7/26/2025,23:52:36,96,42,1.04
7/26/2025,23:52:37,96,42,1.02
7/26/2025,23:52:38,96,43,1.11
7/26/2025,23:52:39,96,44,1.12
7/26/2025,23:52:40,96,44,1.1
7/26/2025,23:52:41,96,45,1.12
7/26/2025,23:52:42,96,45,1.08
7/26/2025,23:52:43,96,45,1.05
7/26/2025,23:52:44,96,44,1.06
7/26/2025,23:52:45,96,44,1.05
7/26/2025,23:52:46,96,44,1.04
7/26/2025,23:52:47,96,43,1.04
7/26/2025,23:52:48,96,42,1.04
7/26/2025,23:52:49,96,42,1.03
7/26/2025,23:52:50,96,41,1.03
7/26/2025,23:52:51,96,41,1.06
7/26/2025,23:52:52,96,41,1.11
7/26/2025,23:52:53,96,41,1.11
7/26/2025,23:52:54,96,40,1.11
7/26/2025,23:52:55,96,40,1.11
7/26/2025,23:52:56,96,40,1.11
7/26/2025,23:52:57,96,42,1.09
7/26/2025,23:52:58,96,41,1.14
7/26/2025,23:52:59,96,41,1.14
7/26/2025,23:53:00,96,41,1.14
7/26/2025,23:53:01,96,43,1.14
7/26/2025,23:53:02,96,43,1.16
7/26/2025,23:53:03,96,44,1.16
7/26/2025,23:53:04,96,43,1.16
7/26/2025,23:53:05,96,43,1.16
7/26/2025,23:53:06,96,43,1.14
7/26/2025,23:53:07,96,44,1.14
7/26/2025,23:53:08,96,44,1.15
7/26/2025,23:53:09,96,43,1.16
7/26/2025,23:53:10,96,44,1.17
7/26/2025,23:53:11,96,44,1.17
7/26/2025,23:53:12,96,44,1.17
7/26/2025,23:53:13,96,44,1.22
7/26/2025,23:53:14,96,44,1.24
7/26/2025,23:53:15,96,45,1.17
7/26/2025,23:53:16,97,44,1.15
7/26/2025,23:53:17,96,43,1.15
7/26/2025,23:53:18,96,43,1.1
7/26/2025,23:53:19,96,42,1.08
7/26/2025,23:53:20,96,42,1.14
7/26/2025,23:53:21,96,42,1.13
7/26/2025,23:53:22,96,43,1.12
7/26/2025,23:53:23,96,44,1.22
7/26/2025,23:53:24,96,44,1.25
7/26/2025,23:53:25,96,45,1.23
7/26/2025,23:53:26,96,45,1.21
7/26/2025,23:53:27,96,45,1.17
7/26/2025,23:53:28,96,43,1.16
7/26/2025,23:53:29,95,43,1.13
7/26/2025,23:53:30,95,43,1.1
7/26/2025,23:53:31,95,42,1.09
7/26/2025,23:53:32,95,42,1.09
7/26/2025,23:53:33,95,42,1.04
7/26/2025,23:53:34,96,41,1.04
7/26/2025,23:53:35,96,41,1.04
7/26/2025,23:53:36,96,41,1.14
7/26/2025,23:53:37,97,41,1.22
7/26/2025,23:53:38,97,41,1.23
7/26/2025,23:53:39,97,41,1.12
7/26/2025,23:53:40,97,41,1.15
7/26/2025,23:53:41,97,41,1.16
7/26/2025,23:53:42,97,41,1
7/26/2025,23:53:43,97,41,1.2
7/26/2025,23:53:44,97,41,1.17
7/26/2025,23:53:45,97,41,0.98
7/26/2025,23:53:46,97,41,1
7/26/2025,23:53:47,96,41,1.13
7/26/2025,23:53:48,96,42,0.99
7/26/2025,23:53:49,96,42,0.87
7/26/2025,23:53:50,96,42,1.05
7/26/2025,23:53:51,96,42,1.04
7/26/2025,23:53:52,96,42,1.17
7/26/2025,23:53:53,97,42,1.07
7/26/2025,23:53:54,97,43,1.07
7/26/2025,23:53:55,97,43,1.08
7/26/2025,23:53:56,97,45,1.11
7/26/2025,23:53:57,97,45,1.11
7/26/2025,23:53:58,97,45,1.09
7/26/2025,23:53:59,97,47,0.98
7/26/2025,23:54:00,97,48,0.92
7/26/2025,23:54:01,97,47,1
7/26/2025,23:54:02,97,47,0.93
7/26/2025,23:54:03,97,48,0.89
7/26/2025,23:54:04,97,49,0.98
7/26/2025,23:54:05,97,49,0.99
7/26/2025,23:54:06,97,49,1.04
7/26/2025,23:54:07,97,48,1.09
7/26/2025,23:54:08,97,48,1.05
7/26/2025,23:54:09,97,46,0.93
7/26/2025,23:54:10,97,44,0.87
7/26/2025,23:54:11,97,44,0.97
7/26/2025,23:54:12,97,45,0.98
7/26/2025,23:54:13,97,45,1.1
7/26/2025,23:54:14,97,45,1.21
7/26/2025,23:54:15,97,45,1.37
7/26/2025,23:54:16,97,45,1.45
7/26/2025,23:54:17,97,45,1.45
7/26/2025,23:54:18,97,45,1.45
7/26/2025,23:54:19,97,45,1.45
7/26/2025,23:54:20,97,45,0.36
7/26/2025,23:54:21,97,45,0.09
7/26/2025,23:54:22,97,45,0.04
7/26/2025,23:54:23,97,45,0.02
7/26/2025,23:54:24,97,45,0.61
7/26/2025,23:54:25,97,45,1.41
7/26/2025,23:54:26,97,45,1.61
7/26/2025,23:54:27,,,1.38
7/26/2025,23:54:28,,,1.1
7/26/2025,23:54:29,,,1.05
7/26/2025,23:54:30,95,,0.91
7/26/2025,23:54:31,95,45,0.96
7/26/2025,23:54:32,95,45,0.98
7/26/2025,23:54:33,97,54,1.19
7/26/2025,23:54:34,97,48,1.1
7/26/2025,23:54:35,97,48,1.01
7/26/2025,23:54:36,98,48,1.02
7/26/2025,23:54:37,97,45,0.99
7/26/2025,23:54:38,97,45,1.01
7/26/2025,23:54:39,97,42,1.02
7/26/2025,23:54:40,97,41,0.95
7/26/2025,23:54:41,97,41,0.8
7/26/2025,23:54:42,97,41,0.73
7/26/2025,23:54:43,98,44,0.78
7/26/2025,23:54:44,98,44,0.97
7/26/2025,23:54:45,98,48,0.97
7/26/2025,23:54:46,98,48,0.95
7/26/2025,23:54:47,98,48,0.99
7/26/2025,23:54:48,98,47,1.1
7/26/2025,23:54:49,98,49,1.01
7/26/2025,23:54:50,98,49,1.01
7/26/2025,23:54:51,97,48,1.08
7/26/2025,23:54:52,97,47,1.03
7/26/2025,23:54:53,97,47,1
7/26/2025,23:54:54,97,47,1.18
7/26/2025,23:54:55,97,47,1.19
7/26/2025,23:54:56,97,48,1.02
7/26/2025,23:54:57,97,48,0.96
7/26/2025,23:54:58,97,48,0.96
7/26/2025,23:54:59,97,47,0.96
7/26/2025,23:55:00,97,47,1.06
7/26/2025,23:55:01,97,47,1.15
7/26/2025,23:55:02,97,48,1.17
7/26/2025,23:55:03,97,48,1.07
7/26/2025,23:55:04,97,46,1.31
7/26/2025,23:55:05,97,47,1.37
7/26/2025,23:55:06,97,47,1.38
7/26/2025,23:55:07,97,47,1.38
7/26/2025,23:55:08,97,47,1.38
7/26/2025,23:55:09,97,47,1.38
7/26/2025,23:55:10,97,47,0.69
7/26/2025,23:55:11,97,47,0.17
7/26/2025,23:55:12,97,47,0.17
7/26/2025,23:55:13,97,47,0.17
7/26/2025,23:55:14,97,47,0.17
7/26/2025,23:55:15,97,47,0.04
7/26/2025,23:55:16,97,47,0
7/28/2025,0:00:46,,,1.41
7/28/2025,0:00:47,,,1.4
7/28/2025,0:00:48,,,1.38
7/28/2025,0:00:49,,,1.47
7/28/2025,0:00:50,,,1.53
7/28/2025,0:00:51,98,276,1.26
7/28/2025,0:00:52,98,276,1.4
7/28/2025,0:00:53,98,276,1.5
7/28/2025,0:00:54,98,276,1.82
7/28/2025,0:00:55,98,276,1.9
7/28/2025,0:00:56,98,276,1.49
7/28/2025,0:00:57,98,69,1.48
7/28/2025,0:00:58,95,69,1.31
7/28/2025,0:00:59,95,69,1.29
7/28/2025,0:01:00,96,69,1.17
7/28/2025,0:01:01,95,68,1.07
7/28/2025,0:01:02,95,68,1.19
7/28/2025,0:01:03,96,67,1.33
7/28/2025,0:01:04,95,64,1.37
7/28/2025,0:01:05,95,64,1.15
7/28/2025,0:01:06,95,60,1.16
7/28/2025,0:01:07,95,55,1.13
7/28/2025,0:01:08,95,52,1.08
7/28/2025,0:01:09,95,52,1.11
7/28/2025,0:01:10,96,49,1.13
7/28/2025,0:01:11,96,48,1.17
7/28/2025,0:01:12,96,48,1.17
7/28/2025,0:01:13,96,48,1.17
7/28/2025,0:01:14,96,48,1.29
7/28/2025,0:01:15,96,48,1.38
7/28/2025,0:01:16,96,47,1.32
7/28/2025,0:01:17,96,45,1.21
7/28/2025,0:01:18,96,45,1.1
7/28/2025,0:01:19,96,46,1.15
7/28/2025,0:01:20,96,46,1.08
7/28/2025,0:01:21,96,46,0.98
7/28/2025,0:01:22,95,47,1.14
7/28/2025,0:01:23,96,50,1.14
7/28/2025,0:01:24,96,50,1.14
7/28/2025,0:01:25,97,50,1.07
7/28/2025,0:01:26,97,50,1.05
7/28/2025,0:01:27,97,50,1.08
7/28/2025,0:01:28,97,50,1.14
7/28/2025,0:01:29,97,50,1.06
7/28/2025,0:01:30,97,50,0.95
7/28/2025,0:01:31,97,50,0.82
7/28/2025,0:01:32,96,51,0.84
7/28/2025,0:01:33,96,51,0.84
7/28/2025,0:01:34,96,51,0.84
7/28/2025,0:01:35,96,51,0.84
7/28/2025,0:01:36,96,54,0.84
7/28/2025,0:01:37,96,54,0.84
7/28/2025,0:01:38,96,59,0.83
7/28/2025,0:01:39,96,59,0.94
7/28/2025,0:01:40,96,59,1.16
7/28/2025,0:01:41,96,59,1.16
7/28/2025,0:01:42,96,59,1.17
7/28/2025,0:01:43,96,59,0.8
7/28/2025,0:01:44,97,60,0.76
7/28/2025,0:01:45,97,60,0.97
7/28/2025,0:01:46,97,60,1.15
7/28/2025,0:01:47,97,60,1.09
7/28/2025,0:01:48,96,64,1.12
7/28/2025,0:01:49,96,64,1.52
7/28/2025,0:01:50,96,64,1.75
7/28/2025,0:01:51,96,66,1.38
7/28/2025,0:01:52,96,66,1.56
7/28/2025,0:01:53,96,66,1.4
7/28/2025,0:01:54,96,66,1.12
7/28/2025,0:01:55,96,68,1.01
7/28/2025,0:01:56,96,68,1.57
7/28/2025,0:01:57,96,69,1.37
7/28/2025,0:01:58,96,70,1.41
7/28/2025,0:01:59,96,70,1.57
7/28/2025,0:02:00,96,70,1.82
7/28/2025,0:02:01,95,70,1.74
7/28/2025,0:02:02,95,70,2.03
7/28/2025,0:02:03,95,70,2.3
7/28/2025,0:02:04,93,70,2.53
7/28/2025,0:02:05,93,70,2.36
7/28/2025,0:02:06,93,70,2.06
7/28/2025,0:02:07,93,70,1.69
7/28/2025,0:02:08,93,70,1.19
7/28/2025,0:02:09,93,71,1.17
7/28/2025,0:02:10,95,71,1.21
7/28/2025,0:02:11,95,71,1.22
7/28/2025,0:02:12,96,71,0.96
7/28/2025,0:02:13,96,71,0.95
7/28/2025,0:02:14,96,71,0.86
7/28/2025,0:02:15,96,71,0.86
7/28/2025,0:02:16,96,72,0.82
7/28/2025,0:02:17,96,69,0.89
7/28/2025,0:02:18,96,69,0.86
7/28/2025,0:02:19,96,70,0.94
7/28/2025,0:02:20,95,70,1.08
7/28/2025,0:02:21,95,70,1.02
7/28/2025,0:02:22,95,71,0.94
7/28/2025,0:02:23,96,71,0.9
7/28/2025,0:02:24,96,71,0.84
7/28/2025,0:02:25,97,72,0.89
7/28/2025,0:02:26,98,71,0.93
7/28/2025,0:02:27,98,71,1
7/28/2025,0:02:28,98,70,0.89
7/28/2025,0:02:29,97,70,0.87
7/28/2025,0:02:30,97,70,0.86
7/28/2025,0:02:31,97,68,0.96
7/28/2025,0:02:32,96,65,1.04
7/28/2025,0:02:33,96,65,1.01
7/28/2025,0:02:34,97,63,1.01
7/28/2025,0:02:35,96,59,1
7/28/2025,0:02:36,96,59,1.01
7/28/2025,0:02:37,96,59,1.04
7/28/2025,0:02:38,96,51,1.01
7/28/2025,0:02:39,96,48,1.05
7/28/2025,0:02:40,96,48,1.08
7/28/2025,0:02:41,96,45,1.09
7/28/2025,0:02:42,96,44,1.09
7/28/2025,0:02:43,96,44,1.07
7/28/2025,0:02:44,96,45,1.07
7/28/2025,0:02:45,96,44,1.13
7/28/2025,0:02:46,96,44,1.16
7/28/2025,0:02:47,96,45,1.21
7/28/2025,0:02:48,96,44,1.21
7/28/2025,0:02:49,96,44,1.21
7/28/2025,0:02:50,96,45,1.23
7/28/2025,0:02:51,96,45,1.23
7/28/2025,0:02:52,96,45,1.23
7/28/2025,0:02:53,96,45,1.22
7/28/2025,0:02:54,96,44,1.2
7/28/2025,0:02:55,96,44,1.19
7/28/2025,0:02:56,96,44,1.2
7/28/2025,0:02:57,96,44,1.19
7/28/2025,0:02:58,96,43,1.18
7/28/2025,0:02:59,96,43,1.2
7/28/2025,0:03:00,96,42,1.21
7/28/2025,0:03:01,96,42,1.26
7/28/2025,0:03:02,96,42,1.26
7/28/2025,0:03:03,96,43,1.27
7/28/2025,0:03:04,96,43,1.35
7/28/2025,0:03:05,96,43,1.39
7/28/2025,0:03:06,96,43,1.39
7/28/2025,0:03:07,96,43,1.41
7/28/2025,0:03:08,96,43,1.45
7/28/2025,0:03:09,96,44,1.49
7/28/2025,0:03:10,96,45,1.5
7/28/2025,0:03:11,96,45,1.56
7/28/2025,0:03:12,97,45,1.54
7/28/2025,0:03:13,97,46,1.54
7/28/2025,0:03:14,97,46,1.55
7/28/2025,0:03:15,97,46,1.55
7/28/2025,0:03:16,97,45,1.54
7/28/2025,0:03:17,97,45,1.47
7/28/2025,0:03:18,97,43,1.4
7/28/2025,0:03:19,97,42,1.4
7/28/2025,0:03:20,97,42,1.36
7/28/2025,0:03:21,97,42,1.5
7/28/2025,0:03:22,97,41,1.64
7/28/2025,0:03:23,96,41,1.58
7/28/2025,0:03:24,96,41,1.7
7/28/2025,0:03:25,96,41,1.8
7/28/2025,0:03:26,96,40,1.71
7/28/2025,0:03:27,96,40,1.48
7/28/2025,0:03:28,96,40,1.38
7/28/2025,0:03:29,96,40,1.33
7/28/2025,0:03:30,96,40,1.27
7/28/2025,0:03:31,96,41,1.24
7/28/2025,0:03:32,96,42,1.24
7/28/2025,0:03:33,96,42,1.21
7/28/2025,0:03:34,96,41,1.25
7/28/2025,0:03:35,96,42,1.27
7/28/2025,0:03:36,96,42,1.3
7/28/2025,0:03:37,97,42,1.27
7/28/2025,0:03:38,97,41,1.23
7/28/2025,0:03:39,97,41,1.23
7/28/2025,0:03:40,96,41,1.28
7/28/2025,0:03:41,96,42,1.29
7/28/2025,0:03:42,96,42,1.39
7/28/2025,0:03:43,96,42,1.39
7/28/2025,0:03:44,96,43,1.41
7/28/2025,0:03:45,96,44,1.42
7/28/2025,0:03:46,96,44,1.43
7/28/2025,0:03:47,96,44,1.39
7/28/2025,0:03:48,96,44,1.33
7/28/2025,0:03:49,96,44,1.31
7/28/2025,0:03:50,96,43,1.31
7/28/2025,0:03:51,96,42,1.33
7/28/2025,0:03:52,96,42,1.34
7/28/2025,0:03:53,96,41,1.37
7/28/2025,0:03:54,96,41,1.46
7/28/2025,0:03:55,96,41,1.46
7/28/2025,0:03:56,96,41,1.52
7/28/2025,0:03:57,96,41,1.59
7/28/2025,0:03:58,96,41,1.59
7/28/2025,0:03:59,96,40,1.62
7/28/2025,0:04:00,96,40,1.62
7/28/2025,0:04:01,96,40,1.62
7/28/2025,0:04:02,96,40,1.59
7/28/2025,0:04:03,96,40,1.57
7/28/2025,0:04:04,96,40,1.56
7/28/2025,0:04:05,96,40,1.56
7/28/2025,0:04:06,96,40,1.52
7/28/2025,0:04:07,96,40,1.5
7/28/2025,0:04:08,96,40,1.49
7/28/2025,0:04:09,96,40,1.53
7/28/2025,0:04:10,97,40,1.56
7/28/2025,0:04:11,97,40,1.57
7/28/2025,0:04:12,97,40,1.57
7/28/2025,0:04:13,97,41,1.64
7/28/2025,0:04:14,97,41,1.72
7/28/2025,0:04:15,97,41,1.74
7/28/2025,0:04:16,97,42,1.74
7/28/2025,0:04:17,97,42,1.96
7/28/2025,0:04:18,97,41,2.13
7/28/2025,0:04:19,97,41,1.88
7/28/2025,0:04:20,97,41,1.64
7/28/2025,0:04:21,96,41,1.75
7/28/2025,0:04:22,96,41,1.54
7/28/2025,0:04:23,96,41,1.39
7/28/2025,0:04:24,96,41,1.44
7/28/2025,0:04:25,96,41,1.49
7/28/2025,0:04:26,96,41,1.52
7/28/2025,0:04:27,96,41,1.88
7/28/2025,0:04:28,96,41,2.01
7/28/2025,0:04:29,96,41,2.28
7/28/2025,0:04:30,96,41,2.47
7/28/2025,0:04:31,96,41,2.82
7/28/2025,0:04:32,96,41,3.3
7/28/2025,0:04:33,96,41,3.42
7/28/2025,0:04:34,96,41,2.44
7/28/2025,0:04:35,96,41,1.78
7/28/2025,0:04:36,96,41,1.45
7/28/2025,0:04:37,94,41,1.29
7/28/2025,0:04:38,94,41,1.16
7/28/2025,0:04:39,94,41,1.19
7/28/2025,0:04:40,94,41,1.34
7/28/2025,0:04:41,94,41,1.21
7/28/2025,0:04:42,94,41,1.06
7/28/2025,0:04:43,96,44,1.06
7/28/2025,0:04:44,96,44,1.09
7/28/2025,0:04:45,96,44,1.07
7/28/2025,0:04:46,96,49,1.04
7/28/2025,0:04:47,96,52,1.16
7/28/2025,0:04:48,96,55,1.26
7/28/2025,0:04:49,96,55,1.36
7/28/2025,0:04:50,96,55,1.23
7/28/2025,0:04:51,96,56,1.26
7/28/2025,0:04:52,96,56,1.14
7/28/2025,0:04:53,96,58,0.95
7/28/2025,0:04:54,96,58,0.96
7/28/2025,0:04:55,96,58,1.08
7/28/2025,0:04:56,96,58,1.13
7/28/2025,0:04:57,96,59,1.32
7/28/2025,0:04:58,96,59,1.32
7/28/2025,0:04:59,96,55,1.35
7/28/2025,0:05:00,96,53,1.25
7/28/2025,0:05:01,96,53,1.32
7/28/2025,0:05:02,96,52,1.38
7/28/2025,0:05:03,96,50,1.35
7/28/2025,0:05:04,96,50,1.35
7/28/2025,0:05:05,96,49,1.33
7/28/2025,0:05:06,96,48,1.32
7/28/2025,0:05:07,96,48,1.36
7/28/2025,0:05:08,96,46,1.38
7/28/2025,0:05:09,96,45,1.39
7/28/2025,0:05:10,96,45,1.43
7/28/2025,0:05:11,96,45,1.42
7/28/2025,0:05:12,96,44,1.52
7/28/2025,0:05:13,96,44,1.59
7/28/2025,0:05:14,96,44,1.57
7/28/2025,0:05:15,96,44,1.48
7/28/2025,0:05:16,96,45,1.27
7/28/2025,0:05:17,96,45,1.19
7/28/2025,0:05:18,96,46,1.14
7/28/2025,0:05:19,96,46,1.13
7/28/2025,0:05:20,96,46,0.83
7/28/2025,0:05:21,96,46,0.69
7/28/2025,0:05:22,96,46,0.58
7/28/2025,0:05:23,96,46,0.56
7/28/2025,0:05:24,96,46,0.36
7/28/2025,0:05:25,96,46,0.14
7/28/2025,0:05:26,96,46,0.08
7/28/2025,0:05:27,96,46,0.06
7/28/2025,0:05:28,96,46,0.03
7/28/2025,0:05:29,96,46,0.03
7/28/2025,0:05:30,96,46,0.03
7/28/2025,0:05:31,96,46,0.03
7/28/2025,0:05:32,96,46,0.03
7/28/2025,0:05:33,96,46,0.83
7/28/2025,0:05:34,96,46,1.07
7/28/2025,0:05:35,96,46,1.28
7/28/2025,0:05:36,96,46,1.29
7/28/2025,0:05:37,96,45,1.35
7/28/2025,0:05:38,96,45,1.4
7/28/2025,0:05:39,96,44,1.43
7/28/2025,0:05:40,96,44,1.43
7/28/2025,0:05:41,96,44,1.4
7/28/2025,0:05:42,96,43,1.42
7/28/2025,0:05:43,96,43,1.45
7/28/2025,0:05:44,96,43,1.39
7/28/2025,0:05:45,96,42,1.44
7/28/2025,0:05:46,96,42,1.48
7/28/2025,0:05:47,96,42,1.5
7/28/2025,0:05:48,96,42,1.61
7/28/2025,0:05:49,96,42,1.65
7/28/2025,0:05:50,96,42,1.64
7/28/2025,0:05:51,96,43,1.68
7/28/2025,0:05:52,96,43,1.6
7/28/2025,0:05:53,95,42,1.54
7/28/2025,0:05:54,95,42,1.59
7/28/2025,0:05:55,95,42,1.61
7/28/2025,0:05:56,95,43,1.54
7/28/2025,0:05:57,95,43,1.5
7/28/2025,0:05:58,95,43,1.66
7/28/2025,0:05:59,95,43,1.97
7/28/2025,0:06:00,95,43,2.11
7/28/2025,0:06:01,95,43,2.14
7/28/2025,0:06:02,95,43,2.15
7/28/2025,0:06:03,95,43,1.88
7/28/2025,0:06:04,95,44,1.6
7/28/2025,0:06:05,95,44,1.54
7/28/2025,0:06:06,96,44,1.46
7/28/2025,0:06:07,96,43,1.38
7/28/2025,0:06:08,96,43,1.46
7/28/2025,0:06:09,96,47,1.2
7/28/2025,0:06:10,96,47,1.26
7/28/2025,0:06:11,96,47,1.36
7/28/2025,0:06:12,96,47,1.32
7/28/2025,0:06:13,95,48,1.25
7/28/2025,0:06:14,95,48,1.25
7/28/2025,0:06:15,95,49,1.3
7/28/2025,0:06:16,96,53,1.44
7/28/2025,0:06:17,96,53,1.5
7/28/2025,0:06:18,96,53,1.5
7/28/2025,0:06:19,96,52,1.5
7/28/2025,0:06:20,96,52,1.5
7/28/2025,0:06:21,96,50,1.5
7/28/2025,0:06:22,96,48,1.52
7/28/2025,0:06:23,95,46,1.48
7/28/2025,0:06:24,95,46,1.48
7/28/2025,0:06:25,95,44,1.49
7/28/2025,0:06:26,95,43,1.51
7/28/2025,0:06:27,95,43,1.51
7/28/2025,0:06:28,95,42,1.61
7/28/2025,0:06:29,95,41,1.73
7/28/2025,0:06:30,95,41,1.71
7/28/2025,0:06:31,95,41,1.7
7/28/2025,0:06:32,95,41,1.8
7/28/2025,0:06:33,95,41,1.87
7/28/2025,0:06:34,95,42,1.87
7/28/2025,0:06:35,95,41,1.83
7/28/2025,0:06:36,95,41,1.72
7/28/2025,0:06:37,95,41,1.69
7/28/2025,0:06:38,95,42,1.75
7/28/2025,0:06:39,95,42,1.8
7/28/2025,0:06:40,96,41,1.82
7/28/2025,0:06:41,96,41,1.79
7/28/2025,0:06:42,96,41,1.81
7/28/2025,0:06:43,96,41,1.82
7/28/2025,0:06:44,96,41,1.83
7/28/2025,0:06:45,96,41,1.9
7/28/2025,0:06:46,96,41,1.94
7/28/2025,0:06:47,96,41,1.94
7/28/2025,0:06:48,96,42,1.89
7/28/2025,0:06:49,96,42,1.94
7/28/2025,0:06:50,96,43,1.94
7/28/2025,0:06:51,96,43,1.92
7/28/2025,0:06:52,96,43,1.87
7/28/2025,0:06:53,96,44,1.84
7/28/2025,0:06:54,96,43,1.84
7/28/2025,0:06:55,96,43,1.84
7/28/2025,0:06:56,96,43,1.88
7/28/2025,0:06:57,96,42,1.88
7/28/2025,0:06:58,96,42,1.9
7/28/2025,0:06:59,96,41,1.87
7/28/2025,0:07:00,96,41,1.87
7/28/2025,0:07:01,96,41,1.9
7/28/2025,0:07:02,96,41,1.88
7/28/2025,0:07:03,96,41,1.93
7/28/2025,0:07:04,96,41,1.93
7/28/2025,0:07:05,96,41,1.89
7/28/2025,0:07:06,96,41,1.84
7/28/2025,0:07:07,96,41,1.83
7/28/2025,0:07:08,96,41,1.77
7/28/2025,0:07:09,96,41,1.66
7/28/2025,0:07:10,96,41,1.66
7/28/2025,0:07:11,96,41,1.64
7/28/2025,0:07:12,96,41,1.67
7/28/2025,0:07:13,96,40,1.67
7/28/2025,0:07:14,96,40,1.72
7/28/2025,0:07:15,96,40,1.77
7/28/2025,0:07:16,96,40,1.87
7/28/2025,0:07:17,96,40,1.87
7/28/2025,0:07:18,96,41,1.99
7/28/2025,0:07:19,96,43,1.91
7/28/2025,0:07:20,96,43,2.07
7/28/2025,0:07:21,97,44,2.03
7/28/2025,0:07:22,96,46,2.02
7/28/2025,0:07:23,96,46,2.02
7/28/2025,0:07:24,96,45,2
7/28/2025,0:07:25,96,45,1.98
7/28/2025,0:07:26,96,45,1.98
7/28/2025,0:07:27,96,45,1.92
7/28/2025,0:07:28,96,45,1.89
7/28/2025,0:07:29,96,44,1.82
7/28/2025,0:07:30,96,44,1.88
7/28/2025,0:07:31,96,43,1.94
7/28/2025,0:07:32,96,42,1.94
7/28/2025,0:07:33,96,42,1.99
7/28/2025,0:07:34,96,41,1.98
7/28/2025,0:07:35,96,41,1.98
7/28/2025,0:07:36,96,41,2.22
7/28/2025,0:07:37,97,41,2.41
7/28/2025,0:07:38,97,41,2.13
7/28/2025,0:07:39,97,41,1.57
7/28/2025,0:07:40,97,40,1.58
7/28/2025,0:07:41,97,40,1.7
7/28/2025,0:07:42,97,40,1.73
7/28/2025,0:07:43,97,40,2.06
7/28/2025,0:07:44,97,41,2.2
7/28/2025,0:07:45,97,41,2.3
7/28/2025,0:07:46,97,40,2.61
7/28/2025,0:07:47,97,41,3.1
7/28/2025,0:07:48,97,41,3.4
7/28/2025,0:07:49,97,41,2.99
7/28/2025,0:07:50,97,41,2.63
7/28/2025,0:07:51,97,41,2.6
7/28/2025,0:07:52,97,41,2.6
7/28/2025,0:07:53,97,41,2.6
7/28/2025,0:07:54,97,41,1.3
7/28/2025,0:07:55,97,41,0.32
7/28/2025,0:07:56,97,41,0.32
7/28/2025,0:07:57,97,41,0.32
7/28/2025,0:07:58,97,41,0.32
7/28/2025,0:07:59,97,41,0.08
7/28/2025,0:08:00,97,41,0.01
7/29/2025,21:10:48,,,12.76
7/29/2025,21:10:49,,,12.76
7/29/2025,21:10:50,,,13.38
7/29/2025,21:10:51,,,6.16
7/29/2025,21:10:52,,,3.84
7/29/2025,21:10:53,,,2.31
7/29/2025,21:10:54,,,1.88
7/29/2025,21:10:55,94,,1.68
7/29/2025,21:10:56,94,80,1.39
7/29/2025,21:10:57,94,80,1.32
7/29/2025,21:10:58,95,47,1.51
7/29/2025,21:10:59,95,73,1.26
7/29/2025,21:11:00,95,73,1.27
7/29/2025,21:11:01,95,58,1.73
7/29/2025,21:11:02,94,58,1.72
7/29/2025,21:11:03,94,58,1.56
7/29/2025,21:11:04,94,56,1.33
7/29/2025,21:11:05,94,55,1.47
7/29/2025,21:11:06,94,55,1.38
7/29/2025,21:11:07,95,55,1.03
7/29/2025,21:11:08,95,55,1.09
7/29/2025,21:11:09,95,55,1.22
7/29/2025,21:11:10,95,55,1.5
7/29/2025,21:11:11,95,55,1.45
7/29/2025,21:11:12,95,55,1.32
7/29/2025,21:11:13,95,56,1.21
7/29/2025,21:11:14,95,56,1.18
7/29/2025,21:11:15,95,56,1.18
7/29/2025,21:11:16,95,56,1.18
7/29/2025,21:11:17,95,58,1.18
7/29/2025,21:11:18,95,58,1.07
7/29/2025,21:11:19,95,58,1.1
7/29/2025,21:11:20,95,59,1.06
7/29/2025,21:11:21,94,60,1.17
7/29/2025,21:11:22,94,60,1.49
7/29/2025,21:11:23,94,60,1.54
7/29/2025,21:11:24,94,61,1.52
7/29/2025,21:11:25,94,61,1.52
7/29/2025,21:11:26,95,61,1.52
7/29/2025,21:11:27,95,61,1.47
7/29/2025,21:11:28,95,61,1.47
7/29/2025,21:11:29,95,61,1.47
7/29/2025,21:11:30,95,61,1.47
7/29/2025,21:11:31,95,61,1.69
7/29/2025,21:11:32,95,61,1.76
7/29/2025,21:11:33,95,61,2.03
7/29/2025,21:11:34,95,61,2.33
7/29/2025,21:11:35,95,62,2.23
7/29/2025,21:11:36,94,63,2.26
7/29/2025,21:11:37,94,63,2.67
7/29/2025,21:11:38,94,63,2.63
7/29/2025,21:11:39,94,63,1.9
7/29/2025,21:11:40,94,63,1.45
7/29/2025,21:11:41,94,63,1.33
7/29/2025,21:11:42,94,65,1.08
7/29/2025,21:11:43,95,67,1.48
7/29/2025,21:11:44,95,67,1.38
7/29/2025,21:11:45,95,69,1.52
7/29/2025,21:11:46,95,71,1.52
7/29/2025,21:11:47,95,71,1.52
7/29/2025,21:11:48,95,71,1.52
7/29/2025,21:11:49,94,71,1.15
7/29/2025,21:11:50,94,71,1.31
7/29/2025,21:11:51,94,72,1.4
7/29/2025,21:11:52,94,72,1.25
7/29/2025,21:11:53,94,72,1.14
7/29/2025,21:11:54,94,74,1.23
7/29/2025,21:11:55,94,74,1.53
7/29/2025,21:11:56,94,74,1.99
7/29/2025,21:11:57,94,74,2.12
7/29/2025,21:11:58,94,74,1.62
7/29/2025,21:11:59,94,74,1.38
7/29/2025,21:12:00,94,76,1.07
7/29/2025,21:12:01,94,77,0.82
7/29/2025,21:12:02,94,77,0.79
7/29/2025,21:12:03,94,77,0.78
7/29/2025,21:12:04,94,77,0.78
7/29/2025,21:12:05,94,77,0.78
7/29/2025,21:12:06,94,77,0.68
7/29/2025,21:12:07,94,77,0.75
7/29/2025,21:12:08,96,78,1.04
7/29/2025,21:12:09,96,78,1.18
7/29/2025,21:12:10,97,79,1.27
7/29/2025,21:12:11,96,79,1.26
7/29/2025,21:12:12,96,79,1.19
7/29/2025,21:12:13,96,80,1.1
7/29/2025,21:12:14,95,78,1.22
7/29/2025,21:12:15,95,78,1.18
7/29/2025,21:12:16,95,77,1.23
7/29/2025,21:12:17,95,75,1.27
7/29/2025,21:12:18,95,75,1.41
7/29/2025,21:12:19,95,76,1.3
7/29/2025,21:12:20,96,76,1.25
7/29/2025,21:12:21,96,76,1.21
7/29/2025,21:12:22,96,78,1.38
7/29/2025,21:12:23,96,80,1.46
7/29/2025,21:12:24,96,80,1.58
7/29/2025,21:12:25,96,80,1.65
7/29/2025,21:12:26,96,82,1.58
7/29/2025,21:12:27,96,82,1.32
7/29/2025,21:12:28,96,82,1.11
7/29/2025,21:12:29,95,82,0.85
7/29/2025,21:12:30,95,82,0.94
7/29/2025,21:12:31,95,82,1.21
7/29/2025,21:12:32,94,82,1.31
7/29/2025,21:12:33,95,82,1.19
7/29/2025,21:12:34,95,82,1.02
7/29/2025,21:12:35,95,83,1.11
7/29/2025,21:12:36,95,83,1.2
7/29/2025,21:12:37,95,83,1.44
7/29/2025,21:12:38,95,82,1.35
7/29/2025,21:12:39,95,83,1.33
7/29/2025,21:12:40,95,83,1.27
7/29/2025,21:12:41,95,82,1.24
7/29/2025,21:12:42,94,79,1.15
7/29/2025,21:12:43,94,79,1.36
7/29/2025,21:12:44,94,77,1.49
7/29/2025,21:12:45,94,77,1.52
7/29/2025,21:12:46,94,77,1.53
7/29/2025,21:12:47,94,77,1.53
7/29/2025,21:12:48,95,78,1.53
7/29/2025,21:12:49,94,78,1.24
7/29/2025,21:12:50,94,78,1.38
7/29/2025,21:12:51,94,77,1.25
7/29/2025,21:12:52,94,77,1.07
7/29/2025,21:12:53,94,77,1.17
7/29/2025,21:12:54,94,77,1.39
7/29/2025,21:12:55,95,77,1.38
7/29/2025,21:12:56,95,77,1.33
7/29/2025,21:12:57,96,77,1.56
7/29/2025,21:12:58,96,77,1.71
7/29/2025,21:12:59,96,77,1.36
7/29/2025,21:13:00,96,76,1.37
7/29/2025,21:13:01,96,76,1.29
7/29/2025,21:13:02,96,76,1.28
7/29/2025,21:13:03,94,75,1.45
7/29/2025,21:13:04,93,74,1.34
7/29/2025,21:13:05,93,74,1.34
7/29/2025,21:13:06,92,73,1.25
7/29/2025,21:13:07,92,73,1.04
7/29/2025,21:13:08,93,75,1.14
7/29/2025,21:13:09,93,75,1.25
7/29/2025,21:13:10,93,78,1.15
7/29/2025,21:13:11,93,80,1.26
7/29/2025,21:13:12,93,80,1.01
7/29/2025,21:13:13,94,82,0.96
7/29/2025,21:13:14,93,82,1.02
7/29/2025,21:13:15,93,82,1.13
7/29/2025,21:13:16,93,84,1.13
7/29/2025,21:13:17,93,85,1.27
7/29/2025,21:13:18,93,85,1.35
7/29/2025,21:13:19,94,79,1.32
7/29/2025,21:13:20,93,77,1.33
7/29/2025,21:13:21,93,77,1.35
7/29/2025,21:13:22,94,70,1.22
7/29/2025,21:13:23,95,70,1.25
7/29/2025,21:13:24,95,70,1.31
7/29/2025,21:13:25,95,70,1.54
7/29/2025,21:13:26,95,71,1.41
7/29/2025,21:13:27,95,71,1.16
7/29/2025,21:13:28,95,71,1.35
7/29/2025,21:13:29,95,72,1.23
7/29/2025,21:13:30,94,76,1.26
7/29/2025,21:13:31,94,76,1.13
7/29/2025,21:13:32,94,80,1.18
7/29/2025,21:13:33,94,80,1.31
7/29/2025,21:13:34,94,80,1.73
7/29/2025,21:13:35,94,80,1.28
7/29/2025,21:13:36,94,81,1.31
7/29/2025,21:13:37,94,81,1.5
7/29/2025,21:13:38,94,82,1.65
7/29/2025,21:13:39,94,84,1.33
7/29/2025,21:13:40,94,84,1.12
7/29/2025,21:13:41,95,86,1.28
7/29/2025,21:13:42,95,86,1.6
7/29/2025,21:13:43,95,86,1.4
7/29/2025,21:13:44,94,88,1.36
7/29/2025,21:13:45,94,88,1.3
7/29/2025,21:13:46,94,88,1.33
7/29/2025,21:13:47,94,87,1.17
7/29/2025,21:13:48,94,88,1.13
7/29/2025,21:13:49,94,88,1.07
7/29/2025,21:13:50,93,80,1.23
7/29/2025,21:13:51,93,80,1.32
7/29/2025,21:13:52,93,79,1.2
7/29/2025,21:13:53,93,79,1.27
7/29/2025,21:13:54,93,79,1.26
7/29/2025,21:13:55,93,78,1.47
7/29/2025,21:13:56,93,78,1.41
7/29/2025,21:13:57,93,78,1.49
7/29/2025,21:13:58,93,78,1.54
7/29/2025,21:13:59,93,78,1.12
7/29/2025,21:14:00,94,78,1.12
7/29/2025,21:14:01,94,78,1.33
7/29/2025,21:14:02,94,78,1.7
7/29/2025,21:14:03,94,78,1.42
7/29/2025,21:14:04,94,78,1.31
7/29/2025,21:14:05,94,78,1.37
7/29/2025,21:14:06,94,78,1.32
7/29/2025,21:14:07,95,78,1.17
7/29/2025,21:14:08,95,78,1.34
7/29/2025,21:14:09,95,77,1.56
7/29/2025,21:14:10,95,77,1.31
7/29/2025,21:14:11,95,77,1.29
7/29/2025,21:14:12,94,78,1.61
7/29/2025,21:14:13,94,78,1.52
7/29/2025,21:14:14,94,80,1.48
7/29/2025,21:14:15,94,80,1.58
7/29/2025,21:14:16,94,81,1.67
7/29/2025,21:14:17,94,81,1.53
7/29/2025,21:14:18,94,81,1.38
7/29/2025,21:14:19,94,81,1.13
7/29/2025,21:14:20,94,81,1.15
7/29/2025,21:14:21,94,81,1.18
7/29/2025,21:14:22,94,81,1.33
7/29/2025,21:14:23,93,78,1.29
7/29/2025,21:14:24,93,78,1.32
7/29/2025,21:14:25,93,78,1.29
7/29/2025,21:14:26,93,78,1.54
7/29/2025,21:14:27,93,78,1.64
7/29/2025,21:14:28,93,76,1.53
7/29/2025,21:14:29,92,78,1.16
7/29/2025,21:14:30,92,78,1.18
7/29/2025,21:14:31,93,76,1.28
7/29/2025,21:14:32,94,74,1.48
7/29/2025,21:14:33,94,74,1.3
7/29/2025,21:14:34,94,75,1.41
7/29/2025,21:14:35,94,73,1.36
7/29/2025,21:14:36,94,72,1.32
7/29/2025,21:14:37,94,72,1.48
7/29/2025,21:14:38,94,72,1.77
7/29/2025,21:14:39,94,72,2.17
7/29/2025,21:14:40,94,72,2.31
7/29/2025,21:14:41,93,71,2.58
7/29/2025,21:14:42,93,71,2.6
7/29/2025,21:14:43,93,71,1.85
7/29/2025,21:14:44,93,70,1.7
7/29/2025,21:14:45,93,69,1.66
7/29/2025,21:14:46,93,69,1.7
7/29/2025,21:14:47,93,69,1.27
7/29/2025,21:14:48,94,70,1.14
7/29/2025,21:14:49,94,70,1.27
7/29/2025,21:14:50,96,72,1.64
7/29/2025,21:14:51,95,73,1.57
7/29/2025,21:14:52,95,73,1.71
7/29/2025,21:14:53,96,74,1.73
7/29/2025,21:14:54,96,73,1.49
7/29/2025,21:14:55,96,73,1.38
7/29/2025,21:14:56,96,72,1.2
7/29/2025,21:14:57,95,69,1.24
7/29/2025,21:14:58,95,68,1.28
7/29/2025,21:14:59,95,68,1.37
7/29/2025,21:15:00,94,71,1.32
7/29/2025,21:15:01,94,73,1.43
7/29/2025,21:15:02,94,73,1.44
7/29/2025,21:15:03,94,74,1.46
7/29/2025,21:15:04,94,72,1.32
7/29/2025,21:15:05,94,72,1.36
7/29/2025,21:15:06,94,71,1.37
7/29/2025,21:15:07,94,71,1.07
7/29/2025,21:15:08,94,71,1.04
7/29/2025,21:15:09,94,71,1.25
7/29/2025,21:15:10,94,70,1.31
7/29/2025,21:15:11,94,70,1.2
7/29/2025,21:15:12,94,70,1.13
7/29/2025,21:15:13,94,73,1.21
7/29/2025,21:15:14,94,73,1.43
7/29/2025,21:15:15,94,74,1.56
7/29/2025,21:15:16,94,74,1.76
7/29/2025,21:15:17,94,74,1.63
7/29/2025,21:15:18,95,75,1.65
7/29/2025,21:15:19,95,76,1.66
7/29/2025,21:15:20,95,76,1.54
7/29/2025,21:15:21,95,76,1.33
7/29/2025,21:15:22,95,74,1.42
7/29/2025,21:15:23,94,72,1.36
7/29/2025,21:15:24,94,72,1.46
7/29/2025,21:15:25,95,69,1.37
7/29/2025,21:15:26,95,73,1.37
7/29/2025,21:15:27,95,73,1.32
7/29/2025,21:15:28,95,71,1.13
7/29/2025,21:15:29,95,74,1.12
7/29/2025,21:15:30,95,74,1.1
7/29/2025,21:15:31,94,73,1.25
7/29/2025,21:15:32,94,74,1.27
7/29/2025,21:15:33,94,74,1.25
7/29/2025,21:15:34,94,73,1.14
7/29/2025,21:15:35,94,71,1.34
7/29/2025,21:15:36,94,71,1.15
7/29/2025,21:15:37,94,71,0.98
7/29/2025,21:15:38,94,70,0.9
7/29/2025,21:15:39,94,70,0.99
7/29/2025,21:15:40,94,67,1.06
7/29/2025,21:15:41,94,69,1.21
7/29/2025,21:15:42,94,66,1.37
7/29/2025,21:15:43,94,66,1.34
7/29/2025,21:15:44,94,70,1.27
7/29/2025,21:15:45,94,68,1.22
7/29/2025,21:15:46,94,68,1.09
7/29/2025,21:15:47,94,68,1.2
7/29/2025,21:15:48,94,70,1.5
7/29/2025,21:15:49,94,70,1.43
7/29/2025,21:15:50,94,71,1.26
7/29/2025,21:15:51,94,74,1.33
7/29/2025,21:15:52,94,74,1.31
7/29/2025,21:15:53,94,74,1.34
7/29/2025,21:15:54,94,76,1.34
7/29/2025,21:15:55,94,76,1.48
7/29/2025,21:15:56,94,71,1.31
7/29/2025,21:15:57,94,67,1.25
7/29/2025,21:15:58,94,67,1.32
7/29/2025,21:15:59,94,65,1.37
7/29/2025,21:16:00,94,63,1.37
7/29/2025,21:16:01,94,63,1.54
7/29/2025,21:16:02,93,63,1.34
7/29/2025,21:16:03,93,62,1.43
7/29/2025,21:16:04,93,61,1.46
7/29/2025,21:16:05,93,61,1.56
7/29/2025,21:16:06,93,59,1.55
7/29/2025,21:16:07,93,59,1.64
7/29/2025,21:16:08,93,59,1.77
7/29/2025,21:16:09,93,59,1.54
7/29/2025,21:16:10,93,60,1.74
7/29/2025,21:16:11,93,60,1.92
7/29/2025,21:16:12,93,60,2.02
7/29/2025,21:16:13,93,60,1.9
7/29/2025,21:16:14,93,60,1.77
7/29/2025,21:16:15,93,64,1.78
7/29/2025,21:16:16,93,64,1.68
7/29/2025,21:16:17,93,64,1.57
7/29/2025,21:16:18,93,64,1.57
7/29/2025,21:16:19,93,64,1.57
7/29/2025,21:16:20,93,64,1.42
7/29/2025,21:16:21,93,64,1.2
7/29/2025,21:16:22,93,68,1.33
7/29/2025,21:16:23,93,68,1.37
7/29/2025,21:16:24,93,73,1.38
7/29/2025,21:16:25,93,76,1.54
7/29/2025,21:16:26,92,78,1.47
7/29/2025,21:16:27,92,78,1.41
7/29/2025,21:16:28,92,78,1.53
7/29/2025,21:16:29,92,75,1.53
7/29/2025,21:16:30,92,75,1.55
7/29/2025,21:16:31,92,69,1.32
7/29/2025,21:16:32,92,65,1.44
7/29/2025,21:16:33,92,65,1.51
7/29/2025,21:16:34,92,61,1.59
7/29/2025,21:16:35,93,57,1.59
7/29/2025,21:16:36,93,57,1.61
7/29/2025,21:16:37,93,54,1.66
7/29/2025,21:16:38,93,52,1.56
7/29/2025,21:16:39,93,52,1.7
7/29/2025,21:16:40,93,51,1.74
7/29/2025,21:16:41,94,51,1.93
7/29/2025,21:16:42,94,51,1.96
7/29/2025,21:16:43,94,52,1.88
7/29/2025,21:16:44,94,52,2.07
7/29/2025,21:16:45,94,52,2.07
7/29/2025,21:16:46,94,52,1.93
7/29/2025,21:16:47,95,52,1.96
7/29/2025,21:16:48,95,56,2.17
7/29/2025,21:16:49,95,56,2.27
7/29/2025,21:16:50,95,54,2.28
7/29/2025,21:16:51,95,56,2.15
7/29/2025,21:16:52,95,56,2.19
7/29/2025,21:16:53,95,57,2.19
7/29/2025,21:16:54,95,53,2.02
7/29/2025,21:16:55,95,53,1.93
7/29/2025,21:16:56,95,51,2.11
7/29/2025,21:16:57,95,50,2.01
7/29/2025,21:16:58,95,50,2.17
7/29/2025,21:16:59,96,51,2.16
7/29/2025,21:17:00,95,49,2.43
7/29/2025,21:17:01,95,49,2.63
7/29/2025,21:17:02,96,51,2.61
7/29/2025,21:17:03,96,50,2.61
7/29/2025,21:17:04,96,50,2.44
7/29/2025,21:17:05,96,50,2.51
7/29/2025,21:17:06,96,49,2.37
7/29/2025,21:17:07,96,49,2.37
7/29/2025,21:17:08,96,52,2.33
7/29/2025,21:17:09,97,51,2.5
7/29/2025,21:17:10,97,53,2.53
7/29/2025,21:17:11,97,53,2.53
7/29/2025,21:17:12,97,51,2.45
7/29/2025,21:17:13,97,49,2.39
7/29/2025,21:17:14,97,49,2.22
7/29/2025,21:17:15,97,48,2.35
7/29/2025,21:17:16,98,47,2.35
7/29/2025,21:17:17,98,47,2.43
7/29/2025,21:17:18,98,46,2.49
7/29/2025,21:17:19,98,46,2.49
7/29/2025,21:17:20,98,46,2.49
7/29/2025,21:17:21,98,45,2.5
7/29/2025,21:17:22,97,45,2.53
7/29/2025,21:17:23,97,45,2.32
7/29/2025,21:17:24,97,45,2.43
7/29/2025,21:17:25,97,47,2.58
7/29/2025,21:17:26,97,47,2.72
7/29/2025,21:17:27,97,47,2.72
7/29/2025,21:17:28,97,49,2.74
7/29/2025,21:17:29,97,49,2.71
7/29/2025,21:17:30,97,48,2.5
7/29/2025,21:17:31,97,50,2.4
7/29/2025,21:17:32,97,49,2.49
7/29/2025,21:17:33,97,49,2.44
7/29/2025,21:17:34,97,48,2.35
7/29/2025,21:17:35,97,47,2.35
7/29/2025,21:17:36,97,47,2.39
7/29/2025,21:17:37,97,47,2.3
7/29/2025,21:17:38,97,47,2.44
7/29/2025,21:17:39,97,47,2.52
7/29/2025,21:17:40,97,46,2.52
7/29/2025,21:17:41,97,46,2.51
7/29/2025,21:17:42,97,46,2.59
7/29/2025,21:17:43,97,46,2.65
7/29/2025,21:17:44,97,47,2.69
7/29/2025,21:17:45,97,47,2.76
7/29/2025,21:17:46,98,46,2.76
7/29/2025,21:17:47,98,46,2.71
7/29/2025,21:17:48,98,46,2.68
7/29/2025,21:17:49,98,46,2.77
7/29/2025,21:17:50,98,45,2.61
7/29/2025,21:17:51,98,45,2.55
7/29/2025,21:17:52,98,45,2.81
7/29/2025,21:17:53,98,45,2.87
7/29/2025,21:17:54,98,47,2.77
7/29/2025,21:17:55,98,47,2.72
7/29/2025,21:17:56,98,47,2.87
7/29/2025,21:17:57,98,47,2.58
7/29/2025,21:17:58,98,47,2.65
7/29/2025,21:17:59,98,46,2.61
7/29/2025,21:18:00,98,48,2.58
7/29/2025,21:18:01,98,48,2.59
7/29/2025,21:18:02,98,48,2.47
7/29/2025,21:18:03,98,48,2.51
7/29/2025,21:18:04,98,48,2.59
7/29/2025,21:18:05,98,48,2.6
7/29/2025,21:18:06,98,47,2.56
7/29/2025,21:18:07,98,47,2.61
7/29/2025,21:18:08,98,47,2.48
7/29/2025,21:18:09,98,47,2.48
7/29/2025,21:18:10,98,47,2.65
7/29/2025,21:18:11,98,46,2.7
7/29/2025,21:18:12,98,46,2.82
7/29/2025,21:18:13,98,46,2.69
7/29/2025,21:18:14,98,46,2.69
7/29/2025,21:18:15,98,46,2.87
7/29/2025,21:18:16,98,45,2.86
7/29/2025,21:18:17,98,45,2.98
7/29/2025,21:18:18,98,44,2.98
7/29/2025,21:18:19,98,44,2.98
7/29/2025,21:18:20,98,44,2.92
7/29/2025,21:18:21,98,44,2.78
7/29/2025,21:18:22,98,45,2.8
7/29/2025,21:18:23,98,45,2.73
7/29/2025,21:18:24,98,47,2.84
7/29/2025,21:18:25,98,49,2.9
7/29/2025,21:18:26,98,49,2.99
7/29/2025,21:18:27,98,51,2.9
7/29/2025,21:18:28,98,53,2.8
7/29/2025,21:18:29,98,53,2.72
7/29/2025,21:18:30,98,53,2.68
7/29/2025,21:18:31,98,52,2.85
7/29/2025,21:18:32,98,52,2.71
7/29/2025,21:18:33,98,53,2.81
7/29/2025,21:18:34,98,52,2.84
7/29/2025,21:18:35,98,52,2.81
7/29/2025,21:18:36,98,51,2.81
7/29/2025,21:18:37,98,50,2.85
7/29/2025,21:18:38,98,49,2.77
7/29/2025,21:18:39,98,49,2.79
7/29/2025,21:18:40,98,49,2.84
7/29/2025,21:18:41,98,48,2.84
7/29/2025,21:18:42,98,48,2.87
7/29/2025,21:18:43,98,47,2.93
7/29/2025,21:18:44,98,47,2.72
7/29/2025,21:18:45,98,47,2.75
7/29/2025,21:18:46,98,47,2.96
7/29/2025,21:18:47,98,46,2.66
7/29/2025,21:18:48,98,46,2.82
7/29/2025,21:18:49,98,51,2.83
7/29/2025,21:18:50,98,53,2.83
7/29/2025,21:18:51,98,53,2.88
7/29/2025,21:18:52,98,54,2.59
7/29/2025,21:18:53,98,55,2.38
7/29/2025,21:18:54,98,55,2.15
7/29/2025,21:18:55,98,53,1.92
7/29/2025,21:18:56,98,52,1.92
7/29/2025,21:18:57,98,52,1.83
7/29/2025,21:18:58,98,50,1.68
7/29/2025,21:18:59,98,49,1.72
7/29/2025,21:19:00,97,48,1.7
7/29/2025,21:19:01,97,48,1.7
7/29/2025,21:19:02,97,47,1.67
7/29/2025,21:19:03,97,48,1.62
7/29/2025,21:19:04,97,48,1.49
7/29/2025,21:19:05,97,48,1.57
7/29/2025,21:19:06,97,48,1.55
7/29/2025,21:19:07,97,48,1.74
7/29/2025,21:19:08,97,49,1.74
7/29/2025,21:19:09,97,48,1.91
7/29/2025,21:19:10,97,48,1.92
7/29/2025,21:19:11,97,47,2.03
7/29/2025,21:19:12,97,47,1.97
7/29/2025,21:19:13,97,47,2.02
7/29/2025,21:19:14,97,48,2.27
7/29/2025,21:19:15,97,50,2.4
7/29/2025,21:19:16,97,50,2.38
7/29/2025,21:19:17,97,49,2.38
7/29/2025,21:19:18,97,49,2.38
7/29/2025,21:19:19,97,49,2.37
7/29/2025,21:19:20,97,48,2.21
7/29/2025,21:19:21,97,47,2.41
7/29/2025,21:19:22,97,47,2.52
7/29/2025,21:19:23,97,47,2.59
7/29/2025,21:19:24,96,46,2.63
7/29/2025,21:19:25,96,46,2.59
7/29/2025,21:19:26,96,46,2.35
7/29/2025,21:19:27,96,47,2.35
7/29/2025,21:19:28,96,48,2.56
7/29/2025,21:19:29,96,48,2.53
7/29/2025,21:19:30,97,49,2.4
7/29/2025,21:19:31,97,50,2.48
7/29/2025,21:19:32,97,50,2.45
7/29/2025,21:19:33,97,51,2.43
7/29/2025,21:19:34,97,49,2.54
7/29/2025,21:19:35,97,49,2.36
7/29/2025,21:19:36,98,51,2.31
7/29/2025,21:19:37,98,54,2.53
7/29/2025,21:19:38,98,54,2.59
7/29/2025,21:19:39,98,52,2.42
7/29/2025,21:19:40,98,54,2.54
7/29/2025,21:19:41,98,54,2.74
7/29/2025,21:19:42,98,56,2.63
7/29/2025,21:19:43,98,57,2.57
7/29/2025,21:19:44,98,58,2.53
7/29/2025,21:19:45,98,58,2.47
7/29/2025,21:19:46,98,59,2.45
7/29/2025,21:19:47,98,60,2.71
7/29/2025,21:19:48,98,60,2.78
7/29/2025,21:19:49,98,59,2.44
7/29/2025,21:19:50,98,59,2.44
7/29/2025,21:19:51,98,59,2.53
7/29/2025,21:19:52,98,55,2.6
7/29/2025,21:19:53,98,52,2.5
7/29/2025,21:19:54,98,52,2.49
7/29/2025,21:19:55,98,54,2.48
7/29/2025,21:19:56,98,52,2.48
7/29/2025,21:19:57,98,52,2.48
7/29/2025,21:19:58,98,50,2.65
7/29/2025,21:19:59,98,50,2.49
7/29/2025,21:20:00,98,50,2.41
7/29/2025,21:20:01,98,49,2.66
7/29/2025,21:20:02,98,48,2.54
7/29/2025,21:20:03,98,48,2.6
7/29/2025,21:20:04,98,49,2.87
7/29/2025,21:20:05,98,50,3.01
7/29/2025,21:20:06,98,52,2.72
7/29/2025,21:20:07,98,52,2.76
7/29/2025,21:20:08,98,55,2.74
7/29/2025,21:20:09,98,55,2.79
7/29/2025,21:20:10,98,55,2.86
7/29/2025,21:20:11,98,56,2.88
7/29/2025,21:20:12,98,56,2.85
7/29/2025,21:20:13,98,56,2.77
7/29/2025,21:20:14,98,55,2.74
7/29/2025,21:20:15,98,52,2.69
7/29/2025,21:20:16,98,52,2.57
7/29/2025,21:20:17,98,51,2.65
7/29/2025,21:20:18,97,49,2.8
7/29/2025,21:20:19,97,49,2.86
7/29/2025,21:20:20,97,47,2.84
7/29/2025,21:20:21,97,46,2.96
7/29/2025,21:20:22,97,46,2.96
7/29/2025,21:20:23,97,45,2.86
7/29/2025,21:20:24,97,44,3.01
7/29/2025,21:20:25,97,44,3.07
7/29/2025,21:20:26,97,44,3.06
7/29/2025,21:20:27,97,42,3.12
7/29/2025,21:20:28,97,42,3.03
7/29/2025,21:20:29,97,42,2.97
7/29/2025,21:20:30,97,42,3
7/29/2025,21:20:31,97,42,2.93
7/29/2025,21:20:32,97,42,3.01
7/29/2025,21:20:33,97,42,2.9
7/29/2025,21:20:34,97,43,2.84
7/29/2025,21:20:35,97,43,3.12
7/29/2025,21:20:36,98,43,3.33
7/29/2025,21:20:37,98,45,3.04
7/29/2025,21:20:38,98,45,3.07
7/29/2025,21:20:39,98,46,2.98
7/29/2025,21:20:40,98,47,2.94
7/29/2025,21:20:41,98,47,3.1
7/29/2025,21:20:42,98,47,3.09
7/29/2025,21:20:43,98,47,3.04
7/29/2025,21:20:44,98,47,2.9
7/29/2025,21:20:45,98,49,2.9
7/29/2025,21:20:46,98,48,2.95
7/29/2025,21:20:47,98,48,2.99
7/29/2025,21:20:48,98,48,2.99
7/29/2025,21:20:49,98,48,2.74
7/29/2025,21:20:50,98,50,2.87
7/29/2025,21:20:51,98,50,2.99
7/29/2025,21:20:52,98,49,3.12
7/29/2025,21:20:53,98,49,2.93
7/29/2025,21:20:54,98,49,3.05
7/29/2025,21:20:55,98,49,2.82
7/29/2025,21:20:56,98,49,2.7
7/29/2025,21:20:57,98,49,2.97
7/29/2025,21:20:58,98,47,3.1
7/29/2025,21:20:59,98,46,3.1
7/29/2025,21:21:00,98,46,3.1
7/29/2025,21:21:01,98,47,3.15
7/29/2025,21:21:02,98,46,3.19
7/29/2025,21:21:03,98,46,3.1
7/29/2025,21:21:04,98,47,3.24
7/29/2025,21:21:05,98,49,3.11
7/29/2025,21:21:06,98,49,3.1
7/29/2025,21:21:07,98,50,3.08
7/29/2025,21:21:08,98,52,3.07
7/29/2025,21:21:09,98,52,3.25
7/29/2025,21:21:10,98,52,3.12
7/29/2025,21:21:11,98,52,3.01
7/29/2025,21:21:12,98,50,2.94
7/29/2025,21:21:13,98,50,2.83
7/29/2025,21:21:14,97,50,2.86
7/29/2025,21:21:15,97,47,2.88
7/29/2025,21:21:16,97,47,2.88
7/29/2025,21:21:17,97,48,2.74
7/29/2025,21:21:18,97,48,2.84
7/29/2025,21:21:19,97,48,2.94
7/29/2025,21:21:20,97,48,2.76
7/29/2025,21:21:21,97,48,2.83
7/29/2025,21:21:22,97,48,2.83
7/29/2025,21:21:23,97,50,3.08
7/29/2025,21:21:24,97,48,3.16
7/29/2025,21:21:25,97,48,3.17
7/29/2025,21:21:26,98,49,3.17
7/29/2025,21:21:27,98,49,3.25
7/29/2025,21:21:28,98,49,3.31
7/29/2025,21:21:29,98,47,3.31
7/29/2025,21:21:30,98,47,3.18
7/29/2025,21:21:31,98,47,3.3
7/29/2025,21:21:32,98,46,2.95
7/29/2025,21:21:33,98,45,3.02
7/29/2025,21:21:34,98,44,3.14
7/29/2025,21:21:35,98,44,3.21
7/29/2025,21:21:36,98,46,3.15
7/29/2025,21:21:37,98,46,3.39
7/29/2025,21:21:38,98,46,3.52
7/29/2025,21:21:39,98,46,3.38
7/29/2025,21:21:40,98,46,3.18
7/29/2025,21:21:41,98,46,3.29
7/29/2025,21:21:42,98,46,3.36
7/29/2025,21:21:43,98,46,3.39
7/29/2025,21:21:44,98,46,3.47
7/29/2025,21:21:45,98,45,3.43
7/29/2025,21:21:46,98,48,3.31
7/29/2025,21:21:47,98,48,3.25
7/29/2025,21:21:48,98,48,3.13
7/29/2025,21:21:49,98,49,3.26
7/29/2025,21:21:50,98,49,3.26
7/29/2025,21:21:51,98,49,3.42
7/29/2025,21:21:52,98,50,3.27
7/29/2025,21:21:53,98,50,3.19
7/29/2025,21:21:54,98,50,3.29
7/29/2025,21:21:55,98,49,3.45
7/29/2025,21:21:56,98,47,3.32
7/29/2025,21:21:57,98,47,3.22
7/29/2025,21:21:58,98,46,3.06
7/29/2025,21:21:59,98,45,3.06
7/29/2025,21:22:00,98,45,3.06
7/29/2025,21:22:01,98,44,3.08
7/29/2025,21:22:02,98,44,3.11
7/29/2025,21:22:03,98,44,2.91
7/29/2025,21:22:04,98,44,2.98
7/29/2025,21:22:05,98,44,3.12
7/29/2025,21:22:06,98,44,3.14
7/29/2025,21:22:07,98,45,3.13
7/29/2025,21:22:08,98,45,2.99
7/29/2025,21:22:09,98,45,2.92
7/29/2025,21:22:10,98,46,2.85
7/29/2025,21:22:11,98,46,2.77
7/29/2025,21:22:12,98,46,2.77
7/29/2025,21:22:13,98,44,2.76
7/29/2025,21:22:14,98,45,2.7
7/29/2025,21:22:15,98,45,2.8
7/29/2025,21:22:16,98,44,2.8
7/29/2025,21:22:17,98,43,2.93
7/29/2025,21:22:18,98,42,2.93
7/29/2025,21:22:19,98,42,2.84
7/29/2025,21:22:20,98,43,2.94
7/29/2025,21:22:21,98,42,3.09
7/29/2025,21:22:22,98,42,3.09
7/29/2025,21:22:23,98,41,3.02
7/29/2025,21:22:24,98,42,3.06
7/29/2025,21:22:25,98,42,3.03
7/29/2025,21:22:26,98,44,3.13
7/29/2025,21:22:27,98,43,3.13
7/29/2025,21:22:28,98,43,2.96
7/29/2025,21:22:29,98,44,3.06
7/29/2025,21:22:30,98,45,3.11
7/29/2025,21:22:31,98,45,3.09
7/29/2025,21:22:32,98,45,3.15
7/29/2025,21:22:33,98,43,3.15
7/29/2025,21:22:34,98,43,3.13
7/29/2025,21:22:35,98,43,3.22
7/29/2025,21:22:36,98,43,2.96
7/29/2025,21:22:37,98,43,2.85
7/29/2025,21:22:38,98,43,2.96
7/29/2025,21:22:39,98,43,2.96
7/29/2025,21:22:40,98,44,3.07
7/29/2025,21:22:41,98,44,3.03
7/29/2025,21:22:42,98,46,3.06
7/29/2025,21:22:43,98,47,2.91
7/29/2025,21:22:44,98,47,3.04
7/29/2025,21:22:45,97,47,3.1
7/29/2025,21:22:46,97,47,2.88
7/29/2025,21:22:47,97,47,2.81
7/29/2025,21:22:48,97,47,3.06
7/29/2025,21:22:49,97,46,3.21
7/29/2025,21:22:50,97,46,3.17
7/29/2025,21:22:51,97,45,3.14
7/29/2025,21:22:52,96,47,3.11
7/29/2025,21:22:53,96,47,2.91
7/29/2025,21:22:54,96,47,3.15
7/29/2025,21:22:55,96,50,3.3
7/29/2025,21:22:56,96,50,3.08
7/29/2025,21:22:57,96,52,3.15
7/29/2025,21:22:58,96,54,3.18
7/29/2025,21:22:59,96,54,3.41
7/29/2025,21:23:00,96,54,3.24
7/29/2025,21:23:01,96,54,3.14
7/29/2025,21:23:02,96,52,3.13
7/29/2025,21:23:03,96,52,3.02
7/29/2025,21:23:04,96,47,2.9
7/29/2025,21:23:05,96,47,3.03
7/29/2025,21:23:06,96,47,3.1
7/29/2025,21:23:07,96,46,3.29
7/29/2025,21:23:08,96,47,3.35
7/29/2025,21:23:09,96,47,3.39
7/29/2025,21:23:10,96,48,3.39
7/29/2025,21:23:11,97,47,3.43
7/29/2025,21:23:12,97,47,3.4
7/29/2025,21:23:13,97,46,3.39
7/29/2025,21:23:14,97,47,3.39
7/29/2025,21:23:15,97,47,3.42
7/29/2025,21:23:16,97,46,3.53
7/29/2025,21:23:17,97,44,3.37
7/29/2025,21:23:18,97,44,3.29
7/29/2025,21:23:19,97,45,3.39
7/29/2025,21:23:20,98,45,3.4
7/29/2025,21:23:21,98,45,3.23
7/29/2025,21:23:22,98,45,3.15
7/29/2025,21:23:23,98,45,3.4
7/29/2025,21:23:24,98,46,3.51
7/29/2025,21:23:25,98,46,3.29
7/29/2025,21:23:26,98,47,3.39
7/29/2025,21:23:27,98,48,3.44
7/29/2025,21:23:28,98,48,3.54
7/29/2025,21:23:29,98,46,3.5
7/29/2025,21:23:30,98,47,3.46
7/29/2025,21:23:31,98,47,3.36
7/29/2025,21:23:32,98,48,3.26
7/29/2025,21:23:33,98,46,3.13
7/29/2025,21:23:34,98,46,3.21
7/29/2025,21:23:35,98,48,3.35
7/29/2025,21:23:36,98,46,3.35
7/29/2025,21:23:37,98,46,3.27
7/29/2025,21:23:38,98,47,3.36
7/29/2025,21:23:39,98,48,3.42
7/29/2025,21:23:40,98,48,3.38
7/29/2025,21:23:41,98,46,3.29
7/29/2025,21:23:42,97,45,3.61
7/29/2025,21:23:43,97,45,3.8
7/29/2025,21:23:44,97,45,3.45
7/29/2025,21:23:45,97,43,3.49
7/29/2025,21:23:46,97,43,3.41
7/29/2025,21:23:47,97,43,3.31
7/29/2025,21:23:48,97,42,3.29
7/29/2025,21:23:49,97,42,3.25
7/29/2025,21:23:50,97,42,3.32
7/29/2025,21:23:51,97,42,3.38
7/29/2025,21:23:52,97,42,3.38
7/29/2025,21:23:53,97,42,3.18
7/29/2025,21:23:54,97,42,3.22
7/29/2025,21:23:55,97,43,3.27
7/29/2025,21:23:56,97,43,2.87
7/29/2025,21:23:57,97,43,2.86
7/29/2025,21:23:58,97,43,2.86
7/29/2025,21:23:59,97,43,2.86
7/29/2025,21:24:00,97,43,2.81
7/29/2025,21:24:01,97,44,2.81
7/29/2025,21:24:02,97,44,2.92
7/29/2025,21:24:03,97,44,3.02
7/29/2025,21:24:04,97,44,2.82
7/29/2025,21:24:05,97,44,2.82
7/29/2025,21:24:06,97,46,3.01
7/29/2025,21:24:07,97,46,3.38
7/29/2025,21:24:08,97,48,3.29
7/29/2025,21:24:09,97,48,3.05
7/29/2025,21:24:10,97,51,3.13
7/29/2025,21:24:11,97,50,3.35
7/29/2025,21:24:12,97,50,3.08
7/29/2025,21:24:13,97,55,2.89
7/29/2025,21:24:14,97,57,3.09
7/29/2025,21:24:15,97,57,3.23
7/29/2025,21:24:16,98,55,3.11
7/29/2025,21:24:17,98,55,3.04
7/29/2025,21:24:18,98,55,3.04
7/29/2025,21:24:19,97,52,2.92
7/29/2025,21:24:20,97,46,3
7/29/2025,21:24:21,97,46,3.14
7/29/2025,21:24:22,97,45,3.21
7/29/2025,21:24:23,97,43,3.36
7/29/2025,21:24:24,97,43,3.35
7/29/2025,21:24:25,97,42,3.3
7/29/2025,21:24:26,97,42,3.42
7/29/2025,21:24:27,97,42,3.46
7/29/2025,21:24:28,97,42,3.46
7/29/2025,21:24:29,97,42,3.4
7/29/2025,21:24:30,97,42,3.32
7/29/2025,21:24:31,97,42,3.35
7/29/2025,21:24:32,97,42,3.19
7/29/2025,21:24:33,97,45,3.28
7/29/2025,21:24:34,97,45,3.28
7/29/2025,21:24:35,97,47,3.27
7/29/2025,21:24:36,97,47,3.26
7/29/2025,21:24:37,97,47,3.26
7/29/2025,21:24:38,97,46,3.17
7/29/2025,21:24:39,97,47,3.1
7/29/2025,21:24:40,97,47,3.13
7/29/2025,21:24:41,97,45,3.16
7/29/2025,21:24:42,97,44,3.21
7/29/2025,21:24:43,97,44,3.14
7/29/2025,21:24:44,97,43,3.11
7/29/2025,21:24:45,97,42,3.23
7/29/2025,21:24:46,97,42,3.27
7/29/2025,21:24:47,97,42,3.44
7/29/2025,21:24:48,97,41,3.44
7/29/2025,21:24:49,97,41,3.49
7/29/2025,21:24:50,97,42,3.53
7/29/2025,21:24:51,97,41,3.53
7/29/2025,21:24:52,97,42,3.54
7/29/2025,21:24:53,97,42,3.46
7/29/2025,21:24:54,97,43,3.28
7/29/2025,21:24:55,97,43,3.22
7/29/2025,21:24:56,97,43,3.1
7/29/2025,21:24:57,97,42,3.1
7/29/2025,21:24:58,97,42,3.1
7/29/2025,21:24:59,97,42,3.15
7/29/2025,21:25:00,97,42,3.18
7/29/2025,21:25:01,97,43,3.18
7/29/2025,21:25:02,97,43,3.2
7/29/2025,21:25:03,97,42,3.32
7/29/2025,21:25:04,97,42,3.42
7/29/2025,21:25:05,97,42,3.42
7/29/2025,21:25:06,97,43,3.5
7/29/2025,21:25:07,98,43,3.49
7/29/2025,21:25:08,98,43,3.49
7/29/2025,21:25:09,97,43,3.51
7/29/2025,21:25:10,97,43,3.45
7/29/2025,21:25:11,97,43,3.49
7/29/2025,21:25:12,97,43,3.53
7/29/2025,21:25:13,97,43,3.23
7/29/2025,21:25:14,97,43,3.23
7/29/2025,21:25:15,97,43,3.39
7/29/2025,21:25:16,97,43,3.45
7/29/2025,21:25:17,97,43,3.16
7/29/2025,21:25:18,97,43,3.03
7/29/2025,21:25:19,97,43,3.03
7/29/2025,21:25:20,97,43,3.03
7/29/2025,21:25:21,97,43,3.03
7/29/2025,21:25:22,97,43,3.03
7/29/2025,21:25:23,97,44,3.03
7/29/2025,21:25:24,97,44,3.14
7/29/2025,21:25:25,97,42,3.08
7/29/2025,21:25:26,97,43,3.19
7/29/2025,21:25:27,97,43,3.37
7/29/2025,21:25:28,97,44,3.19
7/29/2025,21:25:29,97,45,3.13
7/29/2025,21:25:30,97,45,3.21
7/29/2025,21:25:31,97,50,3.25
7/29/2025,21:25:32,96,48,3.27
7/29/2025,21:25:33,96,48,3.28
7/29/2025,21:25:34,96,50,3.14
7/29/2025,21:25:35,96,49,3.07
7/29/2025,21:25:36,96,48,3.06
7/29/2025,21:25:37,96,48,2.93
7/29/2025,21:25:38,96,47,3.01
7/29/2025,21:25:39,96,48,2.96
7/29/2025,21:25:40,96,48,3.16
7/29/2025,21:25:41,96,47,3.28
7/29/2025,21:25:42,96,48,3.43
7/29/2025,21:25:43,96,48,3.33
7/29/2025,21:25:44,96,49,3.33
7/29/2025,21:25:45,96,49,3.33
7/29/2025,21:25:46,96,49,3.3
7/29/2025,21:25:47,96,49,3.32
7/29/2025,21:25:48,96,48,3.35
7/29/2025,21:25:49,96,48,3.2
7/29/2025,21:25:50,96,48,3.07
7/29/2025,21:25:51,97,50,3.01
7/29/2025,21:25:52,97,50,3.18
7/29/2025,21:25:53,97,49,3.23
7/29/2025,21:25:54,97,48,3.2
7/29/2025,21:25:55,97,48,3.23
7/29/2025,21:25:56,97,46,3.16
7/29/2025,21:25:57,97,45,3.11
7/29/2025,21:25:58,97,44,3.09
7/29/2025,21:25:59,97,44,3.06
7/29/2025,21:26:00,97,43,3.07
7/29/2025,21:26:01,97,43,3.08
7/29/2025,21:26:02,97,43,3.08
7/29/2025,21:26:03,97,44,3.2
7/29/2025,21:26:04,97,45,3.13
7/29/2025,21:26:05,97,45,3.09
7/29/2025,21:26:06,97,45,3.09
7/29/2025,21:26:07,97,46,3.02
7/29/2025,21:26:08,97,46,2.89
7/29/2025,21:26:09,97,46,2.79
7/29/2025,21:26:10,97,46,2.83
7/29/2025,21:26:11,97,46,2.84
7/29/2025,21:26:12,97,46,2.92
7/29/2025,21:26:13,97,46,2.7
7/29/2025,21:26:14,97,46,2.57
7/29/2025,21:26:15,97,46,2.3
7/29/2025,21:26:16,97,47,1.97
7/29/2025,21:26:17,97,47,1.71
7/29/2025,21:26:18,97,46,1.8
7/29/2025,21:26:19,97,46,1.88
7/29/2025,21:26:20,97,45,1.88
7/29/2025,21:26:21,97,45,1.99
7/29/2025,21:26:22,97,45,2.04
7/29/2025,21:26:23,97,44,1.99
7/29/2025,21:26:24,97,44,1.95
7/29/2025,21:26:25,96,44,2.15
7/29/2025,21:26:26,96,44,2.27
7/29/2025,21:26:27,96,44,2.17
7/29/2025,21:26:28,96,44,1.93
7/29/2025,21:26:29,96,44,1.95
7/29/2025,21:26:30,96,44,1.8
7/29/2025,21:26:31,96,45,1.93
7/29/2025,21:26:32,96,46,2.08
7/29/2025,21:26:33,96,46,2.08
7/29/2025,21:26:34,96,47,2.25
7/29/2025,21:26:35,96,47,2.4
7/29/2025,21:26:36,96,47,2.4
7/29/2025,21:26:37,97,47,2.44
7/29/2025,21:26:38,97,47,2.53
7/29/2025,21:26:39,97,47,2.75
7/29/2025,21:26:40,97,46,2.86
7/29/2025,21:26:41,97,46,2.86
7/29/2025,21:26:42,97,46,2.88
7/29/2025,21:26:43,97,46,2.93
7/29/2025,21:26:44,97,46,2.77
7/29/2025,21:26:45,97,45,2.98
7/29/2025,21:26:46,97,45,3.13
7/29/2025,21:26:47,97,46,3.15
7/29/2025,21:26:48,97,46,3.14
7/29/2025,21:26:49,97,46,3.02
7/29/2025,21:26:50,97,47,2.87
7/29/2025,21:26:51,97,47,2.83
7/29/2025,21:26:52,97,47,2.97
